phase_from,phase_to,phase_label,x_yes,n_yes,x_no,n_no,rate_yes,rate_no,rr,rr_ci_lower,rr_ci_upper,or,or_ci_lower,or_ci_upper,p_value,subsource,threshold
1,2,I→II,315,344,55838,67270,0.9156976744186046,0.8300579753233239,1.1031731537329332,1.0681682749416503,1.1393251753180418,2.2238470649699686,1.519476533087444,3.2547365231937655,6.836174680493549e-06,cancer_biomarkers,0.0
2,3,II→III,135,277,24792,48441,0.48736462093862815,0.5117978571870936,0.9522599872091032,0.8436586646285502,1.0748411902327002,0.9068733553304337,0.7160351955799278,1.1485738238637686,0.43359256173921856,cancer_biomarkers,0.0
3,4,III→Approved,51,108,6153,20542,0.4722222222222222,0.29953266478434426,1.5765299673149502,1.2901381885657337,1.9264965256203963,2.0923725696493793,1.4323867657513842,3.056453099749617,0.00019511992579678163,cancer_biomarkers,0.0
1,4,I→Approved,51,279,6153,55623,0.1827956989247312,0.11061970767488269,1.6524695532732525,1.2879521381208245,2.120153027176338,1.798416690189638,1.3259850458421092,2.439169733998474,0.0003631432333413496,cancer_biomarkers,0.0
1,2,I→II,3540,4333,52613,63281,0.8169859219939996,0.83141859325864,0.9826409087051164,0.9684734646934403,0.9970156030722657,0.9051488744253077,0.8357540054517308,0.9803057831958186,0.015189909790970457,cancer_gene_census,0.0
2,3,II→III,997,3066,23930,45652,0.32517938682322245,0.5241829492683782,0.6203547583474196,0.5890769461032043,0.6532933070119887,0.4374130928434937,0.40468749356906303,0.4727850917840605,1.1500674655842988e-102,cancer_gene_census,0.0
3,4,III→Approved,277,774,5927,19876,0.3578811369509044,0.2981988327631314,1.2001426485635525,1.0894732121655302,1.3220539622430834,1.3116909657710054,1.1289042543044026,1.5240736166287323,0.0004995343968553154,cancer_gene_census,0.0
1,4,I→Approved,277,3636,5927,52266,0.07618261826182618,0.11340068113113688,0.6718003587097363,0.5984018021925572,0.7542018094011411,0.6447353689397444,0.5687095623366928,0.7309244005919692,5.020838805195257e-13,cancer_gene_census,0.0
1,2,I→II,56153,67614,0,0,0.8304936847398467,0.0,,,,,,,,chembl,0.0
2,3,II→III,24927,48718,0,0,0.5116589350958578,0.0,,,,,,,,chembl,0.0
3,4,III→Approved,6204,20650,0,0,0.3004358353510896,0.0,,,,,,,,chembl,0.0
1,4,I→Approved,6204,55902,0,0,0.11097992916174734,0.0,,,,,,,,chembl,0.0
1,2,I→II,92,97,56061,67517,0.9484536082474226,0.8303242146422383,1.142268997485618,1.0903496278957168,1.1966606208092276,3.7600185512209916,1.5283268796629321,9.250468400218178,0.0009598354963568304,clingen,0.0
2,3,II→III,65,85,24862,48633,0.7647058823529411,0.5112166635823412,1.4958547653636307,1.329038079906822,1.683609757229799,3.1073827527954307,1.8819238924324635,5.130827878427091,2.001697912475809e-06,clingen,0.0
3,4,III→Approved,34,57,6170,20593,0.5964912280701754,0.299616374496188,1.990849896215417,1.6064465365365859,2.4672363624412914,3.4555845254034248,2.0339877010038614,5.8707652982926986,3.7981266766191242e-06,clingen,0.0
1,4,I→Approved,34,82,6170,55820,0.4146341463414634,0.11053385883195987,3.7511957939676637,2.8974441827621193,4.856511117072299,5.699959481361426,3.6705041761128516,8.851519172924409,1.8026835502593251e-12,clingen,0.0
1,2,I→II,124,145,56029,67469,0.8551724137931035,0.8304406468155746,1.0297814986204803,0.9629798248565737,1.101217188074512,1.2056341571414124,0.7588652228344062,1.9154306682245568,0.5059932659449199,crispr,0.0
2,3,II→III,59,109,24868,48609,0.5412844036697247,0.5115925034458639,1.058038184734665,0.8899218283612814,1.2579136331760639,1.12652324272157,0.7725713870306714,1.6426373506653555,0.5657201430058498,crispr,0.0
3,4,III→Approved,20,48,6184,20602,0.4166666666666667,0.3001650325211144,1.388125269512721,0.9926052580405301,1.9412467828989532,1.6653576048789502,0.9374876078103489,2.958349453392677,0.08401559935839359,crispr,0.0
1,4,I→Approved,20,119,6184,55783,0.16806722689075632,0.11085814674721689,1.5160566166958376,1.0158063539115827,2.2626632095542973,1.6203104786545925,1.0013971900616965,2.621742974010265,0.05623646473287068,crispr,0.0
1,2,I→II,201,212,55952,67402,0.9481132075471698,0.8301237352007359,1.1421348015279942,1.1065245632763154,1.1788910505510801,3.7393252658122544,2.0373827261899824,6.862997935439469,3.205987338404696e-07,crispr_screen,0.0
2,3,II→III,61,98,24866,48620,0.6224489795918368,0.5114356232003291,1.2170622290579547,1.0428946305354143,1.4203165171528973,1.5749215796670153,1.0464562993836615,2.3702642753087075,0.033202879291850604,crispr_screen,0.0
3,4,III→Approved,15,50,6189,20600,0.3,0.3004368932038835,0.9985458070770722,0.6535290320191807,1.5257068622499044,0.9979225815386746,0.5446180293093873,1.8285282990128289,1.0,crispr_screen,0.0
1,4,I→Approved,15,98,6189,55804,0.15306122448979592,0.1109060282417031,1.3800983311405028,0.8657481948834714,2.200029309761561,1.4487908006237262,0.8354406799170513,2.512440241933564,0.1955607688331753,crispr_screen,0.0
1,2,I→II,27158,32897,28995,34717,0.8255464024075143,0.8351816113143417,0.9884633368643447,0.981744946405767,0.9952277033888234,0.9338697321530492,0.897088314990416,0.9721592200662263,0.0008605385514870159,europepmc,0.0
2,3,II→III,12346,24049,12581,24669,0.5133685392324006,0.5099922980258624,1.0066201807745083,0.9893056438772154,1.0242377516126497,1.0136040953128385,0.9782210259770538,1.0502669997394407,0.45732358462091116,europepmc,0.0
3,4,III→Approved,3783,10466,2421,10184,0.3614561437034206,0.237725844461901,1.5204747490605681,1.4563290336480545,1.5874458375245797,1.8150963225599142,1.7083754894140848,1.928483919715128,3.678855493140172e-84,europepmc,0.0
1,4,I→Approved,3783,27908,2421,27994,0.1355525297405762,0.08648281774666,1.5673926136132548,1.4935731387431612,1.6448605973703534,1.6563644792007757,1.5693564995832536,1.7481963395102458,1.2286962262278858e-76,europepmc,0.0
1,2,I→II,716,783,55437,66831,0.9144316730523627,0.8295102572159626,1.102375365581876,1.0787111981010664,1.1265586644331076,2.196416585829982,1.7085012284143035,2.8236712612647756,1.397854635514325e-11,eva,0.0
2,3,II→III,484,671,24443,48047,0.7213114754098361,0.5087310341956834,1.4178641107481238,1.3516238691447733,1.4873506472030489,2.4993947503315037,2.10927618090161,2.9616672176682,8.995411938531664e-29,eva,0.0
3,4,III→Approved,273,437,5931,20213,0.6247139588100686,0.2934250234997279,2.1290411818290202,1.9737188859409267,2.2965866042078185,4.008481685727328,3.295059060719008,4.876369475849471,2.1142885447164034e-45,eva,0.0
1,4,I→Approved,273,691,5931,55211,0.3950795947901592,0.10742424516853526,3.6777507179159468,3.34330300886208,4.045654942815037,5.426616617416074,4.64800657153989,6.335655395310696,2.453648241060846e-84,eva,0.0
1,2,I→II,219,245,55934,67369,0.8938775510204081,0.830263177425819,1.0766195289929894,1.0310175873138943,1.1242384460471813,1.721991715510863,1.1461705033664857,2.5870980448184775,0.00627914560083411,eva_somatic,0.0
2,3,II→III,100,202,24827,48516,0.49504950495049505,0.5117280897023663,0.9674073300108034,0.8414056545130663,1.1122779329314552,0.9354537319821794,0.7095557988053646,1.233269724738625,0.6723439986212547,eva_somatic,0.0
3,4,III→Approved,54,84,6150,20566,0.6428571428571429,0.29903724593990083,2.1497560975609757,1.8305065349085639,2.524684392471422,4.219317073170732,2.697627423353147,6.599368174357221,1.4813045380690616e-10,eva_somatic,0.0
1,4,I→Approved,54,212,6150,55690,0.25471698113207547,0.11043275273837314,2.306534744592729,1.8299458695371915,2.9072458462167203,2.753071935782649,2.0190585868765303,3.7539302390027767,4.091298524298986e-09,eva_somatic,0.0
1,2,I→II,2153,2531,54000,65083,0.8506519162386409,0.8297097552356222,1.0252403456399901,1.0082701754419692,1.0424961403497384,1.169003478346071,1.045981380123913,1.3064947028247493,0.00541720778466883,expression_atlas,0.0
2,3,II→III,871,1893,24056,46825,0.4601162176439514,0.5137426588360918,0.8956161411364326,0.8522893572101726,0.9411454753931784,0.8066549463515333,0.7356200441429854,0.8845493100061823,4.7554187284304685e-06,expression_atlas,0.0
3,4,III→Approved,245,733,5959,19917,0.33424283765347884,0.29919164532811166,1.1171529782756064,1.0064467731437072,1.2400365425900723,1.175969534991843,1.0056764865713852,1.375098618387326,0.04440245399542225,expression_atlas,0.0
1,4,I→Approved,245,2133,5959,53769,0.11486169714017816,0.11082594059774219,1.036415269932915,0.9190202090263718,1.1688063017548873,1.0411407684146754,0.9089423470856398,1.1925663966814493,0.5502967808271666,expression_atlas,0.0
1,2,I→II,57,58,56096,67556,0.9827586206896551,0.8303629581384333,1.1835289749591833,1.1436707451495682,1.22477630953544,11.64468054763263,1.6123060489543206,84.10226156774496,0.0006031206405544845,gene2phenotype,0.0
2,3,II→III,36,54,24891,48664,0.6666666666666666,0.5114869307907283,1.3033894446453202,1.079146814718708,1.5742288456419662,1.9101683339359607,1.0845003664164277,3.364446132949148,0.02846549632312348,gene2phenotype,0.0
3,4,III→Approved,25,33,6179,20617,0.7575757575757576,0.29970412766163845,2.527745491817348,2.081730000929536,3.0693208382210386,7.301950153746561,3.2918278150239444,16.197225080987902,7.834475559217668e-08,gene2phenotype,0.0
1,4,I→Approved,25,52,6179,55850,0.4807692307692308,0.11063563115487914,4.345518941327325,3.273000858948472,5.769486683086703,7.443221664778551,4.317441318342825,12.832032832884849,2.994680003474717e-11,gene2phenotype,0.0
1,2,I→II,109,127,56044,67487,0.8582677165354331,0.8304414183472373,1.0335078400154658,0.962906423071571,1.1092858348230592,1.2364164267757873,0.7506293672614859,2.0365917549672234,0.4775410140936356,gene_burden,0.0
2,3,II→III,70,95,24857,48623,0.7368421052631579,0.5112189704460852,1.4413434317983072,1.2777345657941521,1.6259017670832974,2.677105040833568,1.6950837612065077,4.228045577261226,1.1547221952547886e-05,gene_burden,0.0
3,4,III→Approved,44,67,6160,20583,0.6567164179104478,0.2992761016372735,2.1943496801705757,1.843208522877485,2.612385120348515,4.479192546583851,2.70270718641711,7.42335905650564,2.942423036436457e-09,gene_burden,0.0
1,4,I→Approved,44,110,6160,55792,0.4,0.11041009463722397,3.622857142857143,2.878242190573169,4.560107526926811,5.371428571428571,3.6645981055286785,7.873235772957092,5.097206136442443e-15,gene_burden,0.0
1,2,I→II,244,262,55909,67352,0.9312977099236641,0.830101556004276,1.1219081607393913,1.085418745065423,1.1596242711450295,2.774441006317806,1.7182777882436364,4.479789560339891,2.0619064830328704e-06,genomics_england,0.0
2,3,II→III,161,231,24766,48487,0.696969696969697,0.5107760843112586,1.3645307961305702,1.2527415742870112,1.4862956030244623,2.202951627230881,1.6630127176592044,2.9181952852110986,1.4169213182199806e-08,genomics_england,0.0
3,4,III→Approved,91,141,6113,20509,0.6453900709219859,0.2980642644692574,2.1652715466283343,1.9124909544347983,2.4514630303304257,4.286065761491902,3.0314716797128978,6.0598816854436075,2.802986458166623e-17,genomics_england,0.0
1,4,I→Approved,91,229,6113,55673,0.39737991266375544,0.10980187882815727,3.6190629605315325,3.0801405293624384,4.252278942286556,5.34612621711392,4.0974771500730585,6.97528368859926,3.507081479008704e-29,genomics_england,0.0
1,2,I→II,1742,1966,54411,65648,0.8860630722278738,0.8288295149890325,1.069053473849322,1.0518451892893654,1.0865432875359142,1.606067542802532,1.3954171534110282,1.8485174456530205,3.0887612942661797e-12,gwas_credible_sets,0.0
2,3,II→III,1026,1608,23901,47110,0.6380597014925373,0.507344512842284,1.2576458113599194,1.2109062755878817,1.3061894373809115,1.7118461592212206,1.5438400735569024,1.8981352557386093,3.1710135167327656e-25,gwas_credible_sets,0.0
3,4,III→Approved,375,922,5829,19728,0.4067245119305857,0.2954683698296837,1.3765416317321313,1.2695889474721112,1.4925042216731985,1.6346826041261886,1.4283695085846386,1.8707954770615547,2.3290544239471095e-12,gwas_credible_sets,0.0
1,4,I→Approved,375,1728,5829,54174,0.2170138888888889,0.10759774061357846,2.016900054326071,1.8381825433844232,2.2129933959936325,2.2987459673876205,2.0437747834032316,2.5855260890251826,6.527372752138333e-38,gwas_credible_sets,0.0
1,2,I→II,1509,1724,54644,65890,0.8752900232018561,0.8293215966003946,1.0554289515549795,1.036444278858843,1.0747613687509712,1.444462848747836,1.2503573664591472,1.6687012668396868,2.2272169277507006e-07,impc,0.0
2,3,II→III,853,1373,24074,47345,0.6212672978878369,0.5084803041503855,1.2218119223435921,1.1712798231829364,1.2745241094687474,1.5856687872649076,1.4197522188535223,1.770974871190232,1.2978917715391364e-16,impc,0.0
3,4,III→Approved,391,779,5813,19871,0.5019255455712451,0.29253686276483315,1.7157685388003119,1.5946313468358813,1.846107995166571,2.4370713704263993,2.1107916050118187,2.813786472548886,4.157201957894692e-33,impc,0.0
1,4,I→Approved,391,1514,5813,54388,0.2582562747688243,0.10688019416047657,2.4163155465554476,2.2110951128069867,2.640583295900586,2.9094405498530254,2.58493715648288,3.2746808919124835,2.9756219092241907e-59,impc,0.0
1,2,I→II,352,425,55801,67189,0.8282352941176471,0.8305079700546221,0.9972635109849391,0.9548792583947368,1.0415290745909973,0.9840683858712209,0.7641985127241929,1.2671976874426243,0.8968084450922542,intogen,0.0
2,3,II→III,112,311,24815,48407,0.36012861736334406,0.5126324705104633,0.7025084013986458,0.6056234832517697,0.8148925325448709,0.5350759438943661,0.4241984908128037,0.6749346636897681,7.401738986726315e-08,intogen,0.0
3,4,III→Approved,40,90,6164,20560,0.4444444444444444,0.2998054474708171,1.4824428581729037,1.1755835657742777,1.8694007739895653,1.8683971447112264,1.2315096652099342,2.8346573226203398,0.003817347369079861,intogen,0.0
1,4,I→Approved,40,362,6164,55540,0.11049723756906077,0.1109830752610731,0.9956224163831335,0.742591989572585,1.3348703055295994,0.9950786171760694,0.7156378507940921,1.3836348276747867,1.0,intogen,0.0
1,2,I→II,116,124,56037,67490,0.9354838709677419,0.8303007853015262,1.1266807011726698,1.0756527945728565,1.1801293212825459,2.9635508681763834,1.4472393645754433,6.068542608254329,0.0010566205814922839,orphanet,0.0
2,3,II→III,85,110,24842,48608,0.7727272727272727,0.5110681369321922,1.5119848350667124,1.3657498262685948,1.6738776732761003,3.252733274293535,2.081758437213493,5.082373422662052,2.550616339804242e-08,orphanet,0.0
3,4,III→Approved,47,74,6157,20576,0.6351351351351351,0.29923211508553654,2.1225500309469774,1.7836604670964515,2.5258274862182026,4.07661860333616,2.5371258969067383,6.550254071872476,4.30950884846646e-09,orphanet,0.0
1,4,I→Approved,47,107,6157,55795,0.4392523364485981,0.11035038981987633,3.9805236498537493,3.209250904891963,4.937154805469599,6.315267175572519,4.307125397065629,9.259679211112598,6.956696174624521e-18,orphanet,0.0
1,2,I→II,132,165,56021,67449,0.8,0.8305682812198847,0.9631959443780012,0.8923775127474562,1.0396344753353088,0.8159797218900056,0.5569090340885688,1.195568514390091,0.2987130820360151,reactome,0.0
2,3,II→III,68,115,24859,48603,0.591304347826087,0.5114704853609859,1.1560869390317916,0.9928707657322594,1.3461339146330673,1.3819148508224686,0.9524272474438852,2.0050756213126926,0.0930079739523631,reactome,0.0
3,4,III→Approved,26,53,6178,20597,0.49056603773584906,0.29994659416419867,1.6355112786088188,1.2421118590360307,2.1535074502328384,2.2474851024543483,1.3105520421598118,3.8542454807287068,0.003951578500855531,reactome,0.0
1,4,I→Approved,26,133,6178,55769,0.19548872180451127,0.11077838942781833,1.764682830416929,1.2490729242135887,2.4931334524995266,1.9504936116397347,1.2696273907504028,2.996489644728633,0.003535648907822186,reactome,0.0
1,2,I→II,207,221,55946,67393,0.9366515837104072,0.8301455640793555,1.1282980048796245,1.0900826804587784,1.1678530543018584,3.0252756484569305,1.7601208564597282,5.199809271935589,3.763910252907916e-06,uniprot_literature,0.0
2,3,II→III,141,196,24786,48522,0.7193877551020408,0.5108198343019661,1.408300357179909,1.2898355947352305,1.5376454984871006,2.455034000132039,1.7968612528589503,3.3542890037917927,4.0408601798805915e-09,uniprot_literature,0.0
3,4,III→Approved,78,120,6126,20530,0.65,0.2983925962006819,2.178338230492981,1.9071431538025907,2.4880971504242226,4.366680658551373,2.9972544725859196,6.3617888131185545,2.767676646530791e-15,uniprot_literature,0.0
1,4,I→Approved,78,189,6126,55713,0.4126984126984127,0.10995638360885251,3.753291979540755,3.161127822987081,4.456384389535182,5.688037694893718,4.252768930299392,7.607695915012751,1.6642436877716382e-26,uniprot_literature,0.0
1,2,I→II,143,151,56010,67463,0.9470198675496688,0.8302328683871159,1.1406677615515677,1.0982677927202755,1.1847046329386943,3.6551039992858416,1.792783627410165,7.45197861099097,2.813987703236168e-05,uniprot_variants,0.0
2,3,II→III,100,134,24827,48584,0.746268656716418,0.5110118557549811,1.4603744478958574,1.3225789920587134,1.6125263903877685,2.814416941707202,1.9064614713960661,4.154787726167979,3.050713070516481e-08,uniprot_variants,0.0
3,4,III→Approved,54,84,6150,20566,0.6428571428571429,0.29903724593990083,2.1497560975609757,1.8305065349085639,2.524684392471422,4.219317073170732,2.697627423353147,6.599368174357221,1.4813045380690616e-10,uniprot_variants,0.0
1,4,I→Approved,54,126,6150,55776,0.42857142857142855,0.11026247848537005,3.886829268292683,3.1727567260341836,4.761613658208304,6.051951219512195,4.248446717296109,8.621059883896944,1.0103011074373633e-19,uniprot_variants,0.0
1,2,I→II,56153,67614,0,0,0.8304936847398467,0.0,,,,,,,,overall,0.0
2,3,II→III,24927,48718,0,0,0.5116589350958578,0.0,,,,,,,,overall,0.0
3,4,III→Approved,6204,20650,0,0,0.3004358353510896,0.0,,,,,,,,overall,0.0
1,4,I→Approved,6204,55902,0,0,0.11097992916174734,0.0,,,,,,,,overall,0.0
1,2,I→II,315,344,55838,67270,0.9156976744186046,0.8300579753233239,1.1031731537329332,1.0681682749416503,1.1393251753180418,2.2238470649699686,1.519476533087444,3.2547365231937655,6.836174680493549e-06,cancer_biomarkers,0.25
2,3,II→III,135,277,24792,48441,0.48736462093862815,0.5117978571870936,0.9522599872091032,0.8436586646285502,1.0748411902327002,0.9068733553304337,0.7160351955799278,1.1485738238637686,0.43359256173921856,cancer_biomarkers,0.25
3,4,III→Approved,51,108,6153,20542,0.4722222222222222,0.29953266478434426,1.5765299673149502,1.2901381885657337,1.9264965256203963,2.0923725696493793,1.4323867657513842,3.056453099749617,0.00019511992579678163,cancer_biomarkers,0.25
1,4,I→Approved,51,279,6153,55623,0.1827956989247312,0.11061970767488269,1.6524695532732525,1.2879521381208245,2.120153027176338,1.798416690189638,1.3259850458421092,2.439169733998474,0.0003631432333413496,cancer_biomarkers,0.25
1,2,I→II,3496,4256,52657,63358,0.8214285714285714,0.8311026231888633,0.9883599792728683,0.9741897693769335,1.0027363038856754,0.9348158839280627,0.8619521261861876,1.0138390640218005,0.1042009072838055,cancer_gene_census,0.25
2,3,II→III,988,3030,23939,45688,0.32607260726072607,0.5239669059709333,0.6223152713366494,0.5908233696168578,0.6554857455790076,0.43957652896672283,0.4065342350177793,0.4753044348404791,2.1033704091339878e-100,cancer_gene_census,0.25
3,4,III→Approved,273,767,5931,19883,0.3559322033898305,0.2982950259015239,1.1932220536165907,1.0823129527950917,1.3154964703693703,1.3000026621941805,1.1179170995242025,1.5117461951617357,0.0007426875078945124,cancer_gene_census,0.25
1,4,I→Approved,273,3569,5931,52333,0.07649201456990753,0.11333193205052261,0.6749378854302767,0.6007228316037625,0.7583216838503131,0.6480137479067529,0.5710920126710443,0.7352962537720461,1.5724323243336948e-12,cancer_gene_census,0.25
1,2,I→II,29150,29992,27003,37622,0.9719258468925047,0.71774493647334,1.3541382147090995,1.345200479309334,1.363135333907269,13.614386384269963,12.667367690190595,14.632204665830338,0.0,chembl,0.25
2,3,II→III,24856,28221,71,20497,0.8807625527089756,0.003463921549495048,254.26746539261794,201.57173643415686,320.7391328808871,2125.059774396752,1678.7109032851422,2690.0873973725033,0.0,chembl,0.25
3,4,III→Approved,6204,20579,0,71,0.3014723747509597,0.0,43.413411078717196,2.7415503171294033,687.4665949823325,61.719140203818995,3.822682376720332,996.4867315936436,1.169499125814067e-11,chembl,0.25
1,4,I→Approved,6204,24786,0,31116,0.25030259017187123,0.0,15577.95832492839,974.3232801075599,249068.0357616173,20778.939782053007,1299.4759584952867,332260.3512927941,0.0,chembl,0.25
1,2,I→II,77,80,56076,67534,0.9625,0.8303373115763911,1.1591674691490121,1.1099496884764242,1.210567682016036,5.2444658439736545,1.6546332700117719,16.62266949848689,0.0004962511050120074,clingen,0.25
2,3,II→III,56,70,24871,48648,0.8,0.5112440388094064,1.564810421776366,1.3914030393392227,1.7598291701754396,3.8240521088818302,2.1284406602181845,6.87046381172992,8.695991585658461e-07,clingen,0.25
3,4,III→Approved,31,50,6173,20600,0.62,0.29966019417475726,2.069010205734651,1.6637411826358814,2.572998298119918,3.8131847519332918,2.152511992815181,6.755074072019367,3.244297771841419e-06,clingen,0.25
1,4,I→Approved,31,67,6173,55835,0.4626865671641791,0.1105578937942151,4.185016114954146,3.2297469190582713,5.422827336431899,6.9276688806091045,4.282602717340168,11.206408646087764,4.826559435546119e-13,clingen,0.25
1,2,I→II,124,145,56029,67469,0.8551724137931035,0.8304406468155746,1.0297814986204803,0.9629798248565737,1.101217188074512,1.2056341571414124,0.7588652228344062,1.9154306682245568,0.5059932659449199,crispr,0.25
2,3,II→III,59,109,24868,48609,0.5412844036697247,0.5115925034458639,1.058038184734665,0.8899218283612814,1.2579136331760639,1.12652324272157,0.7725713870306714,1.6426373506653555,0.5657201430058498,crispr,0.25
3,4,III→Approved,20,48,6184,20602,0.4166666666666667,0.3001650325211144,1.388125269512721,0.9926052580405301,1.9412467828989532,1.6653576048789502,0.9374876078103489,2.958349453392677,0.08401559935839359,crispr,0.25
1,4,I→Approved,20,119,6184,55783,0.16806722689075632,0.11085814674721689,1.5160566166958376,1.0158063539115827,2.2626632095542973,1.6203104786545925,1.0013971900616965,2.621742974010265,0.05623646473287068,crispr,0.25
1,2,I→II,198,209,55955,67405,0.9473684210526315,0.8301312958979304,1.1412272079537598,1.1051347072386208,1.1784984505899876,3.6833169511214368,2.0063880796208977,6.761814376898578,6.543152567737255e-07,crispr_screen,0.25
2,3,II→III,59,96,24868,48622,0.6145833333333334,0.5114557196330879,1.2016354686075814,1.025349746394195,1.4082295377685157,1.5231622969277787,1.009434174432849,2.2983404381824233,0.05168240029989221,crispr_screen,0.25
3,4,III→Approved,15,49,6189,20601,0.30612244897959184,0.30042230959662153,1.0189737552801053,0.6681359134967104,1.5540363763947738,1.027344529668387,0.5591860277130157,1.8874519933127305,1.0,crispr_screen,0.25
1,4,I→Approved,15,97,6189,55805,0.15463917525773196,0.11090404085655407,1.3943511351200084,0.8750683676182556,2.221786502581717,1.4664885378858636,0.8452128419847107,2.5444344015179086,0.19248455200700576,crispr_screen,0.25
1,2,I→II,7984,9785,48169,57829,0.8159427695452223,0.8329557834304587,0.9795751296483353,0.9697374658208796,0.9895125933009943,0.8890297854575014,0.8409475603629187,0.9398611717114891,3.9779063718828404e-05,europepmc,0.25
2,3,II→III,3630,7108,21297,41610,0.5106921778277996,0.5118240807498198,0.9977884922484266,0.973528369110464,1.0226531725758288,0.9954803343593494,0.946625881959598,1.0468561181158336,0.8674573255051983,europepmc,0.25
3,4,III→Approved,1254,3061,4950,17589,0.4096700424697811,0.28142589118198874,1.4556942175759555,1.386580834234831,1.5282525207074888,1.7719313779745434,1.6370431486497536,1.917934057413482,3.087795574069569e-44,europepmc,0.25
1,4,I→Approved,1254,8340,4950,47562,0.15035971223021583,0.10407468146839914,1.4447290167865707,1.3640977011935693,1.5301264199175613,1.523432119672594,1.4248906848191953,1.6287884031922248,5.653512857937457e-33,europepmc,0.25
1,2,I→II,514,561,55639,67053,0.9162210338680927,0.8297764454983372,1.104178166105739,1.0766397806774366,1.1324209307383104,2.2434883230919076,1.6630921383766097,3.02643475950937,4.654132122766063e-09,eva,0.25
2,3,II→III,355,477,24572,48241,0.7442348008385744,0.5093592587218341,1.4611196087926774,1.385236138775336,1.5411599881344922,2.802902077000878,2.2800382871092664,3.4456702317996393,2.1518159610148703e-25,eva,0.25
3,4,III→Approved,207,326,5997,20324,0.6349693251533742,0.2950698681361937,2.1519287250987458,1.976564731472356,2.3428512935448373,4.155703902371354,3.3101740539604148,5.217210528105668,4.105627489834747e-36,eva,0.25
1,4,I→Approved,207,495,5997,55407,0.41818181818181815,0.10823542151713682,3.863631815907954,3.472881132708145,4.298347751757241,5.921867183591796,4.943418048652989,7.0939804392341665,3.106891695499037e-69,eva,0.25
1,2,I→II,172,188,55981,67426,0.9148936170212766,0.8302583573102365,1.1019384616437111,1.054787845454703,1.1511967818763174,2.1977769243136063,1.3162375937954451,3.6697199896237223,0.0012282549795219083,eva_somatic,0.25
2,3,II→III,82,158,24845,48560,0.5189873417721519,0.5116350906095551,1.0143701073236344,0.8727581046503435,1.1789597932682534,1.0298746968043977,0.7534086362610798,1.407790991594639,0.8736062246072365,eva_somatic,0.25
3,4,III→Approved,46,68,6158,20582,0.6764705882352942,0.29919347002234964,2.260980455839367,1.9157376070940564,2.668440919444042,4.89757595441259,2.9441150596303234,8.147185060169559,1.9636568258794847e-10,eva_somatic,0.25
1,4,I→Approved,46,160,6158,55742,0.2875,0.11047325176706971,2.602439915556999,2.0368136921626725,3.3251413912546557,3.2490384779747354,2.3047710895579723,4.580173310567233,8.090236323378774e-10,eva_somatic,0.25
1,2,I→II,155,191,55998,67423,0.8115183246073299,0.8305474393011287,0.9770884674452659,0.912461257702571,1.046293050971087,0.8784415911679385,0.6109255133815132,1.263099366766453,0.49863803591498357,expression_atlas,0.25
2,3,II→III,70,139,24857,48579,0.5035971223021583,0.5116820025113732,0.9841994047679344,0.8342639222442604,1.1610815744492309,0.9681698154020708,0.6939773804719896,1.3506964604785319,0.8654054547376793,expression_atlas,0.25
3,4,III→Approved,16,64,6188,20586,0.25,0.30059263577188383,0.8316903684550743,0.5438123702603683,1.2719623657140393,0.7755871579400991,0.4401183458111734,1.3667583850723655,0.41552510143205945,expression_atlas,0.25
1,4,I→Approved,16,169,6188,55733,0.09467455621301775,0.11102937218524034,0.8526982937007301,0.5346406172208744,1.3599684660317426,0.8372941936955778,0.4999576554928306,1.4022418880760212,0.6229217497853335,expression_atlas,0.25
1,2,I→II,54,55,56099,67559,0.9818181818181818,0.830370490978256,1.1823856850470515,1.140433987843509,1.225880606073295,11.031212677587837,1.5259210290944787,79.74701889414762,0.0008769591284222,gene2phenotype,0.25
2,3,II→III,36,51,24891,48667,0.7058823529411765,0.5114554009904042,1.380144488794674,1.1558302365843784,1.647991850065481,2.2924912619018922,1.2548856300750535,4.188043961888545,0.0071497283389115,gene2phenotype,0.25
3,4,III→Approved,25,33,6179,20617,0.7575757575757576,0.29970412766163845,2.527745491817348,2.081730000929536,3.0693208382210386,7.301950153746561,3.2918278150239444,16.197225080987902,7.834475559217668e-08,gene2phenotype,0.25
1,4,I→Approved,25,49,6179,55853,0.5102040816326531,0.11062968864698405,4.611818833375719,3.5018052537379067,6.0736881153445355,8.374130118142094,4.7798882905502404,14.671065718044611,5.5444802956445136e-12,gene2phenotype,0.25
1,2,I→II,84,96,56069,67518,0.875,0.8304304037441868,1.0536704774474308,0.9768674745838564,1.1365118646388026,1.4293638195794467,0.7803892403112292,2.618028059828116,0.27788865897934495,gene_burden,0.25
2,3,II→III,55,70,24872,48648,0.7857142857142857,0.5112645946390396,1.5368055874649635,1.3594215671564238,1.7373355482389303,3.5050927415031627,1.9798617378101342,6.205319741229492,3.2084209628338307e-06,gene_burden,0.25
3,4,III→Approved,38,52,6166,20598,0.7307692307692307,0.29934945140304886,2.4411911474837193,2.067196229994494,2.882848823001555,6.352995690653816,3.439879183109589,11.733131338927064,1.8912368241101745e-10,gene_burden,0.25
1,4,I→Approved,38,79,6166,55823,0.4810126582278481,0.11045626354728338,4.3547793740274345,3.4591229275280733,5.4823444537158235,7.464087086540667,4.796879980670529,11.61434020862773,2.296680460204578e-16,gene_burden,0.25
1,2,I→II,244,262,55909,67352,0.9312977099236641,0.830101556004276,1.1219081607393913,1.085418745065423,1.1596242711450295,2.774441006317806,1.7182777882436364,4.479789560339891,2.0619064830328704e-06,genomics_england,0.25
2,3,II→III,161,231,24766,48487,0.696969696969697,0.5107760843112586,1.3645307961305702,1.2527415742870112,1.4862956030244623,2.202951627230881,1.6630127176592044,2.9181952852110986,1.4169213182199806e-08,genomics_england,0.25
3,4,III→Approved,91,141,6113,20509,0.6453900709219859,0.2980642644692574,2.1652715466283343,1.9124909544347983,2.4514630303304257,4.286065761491902,3.0314716797128978,6.0598816854436075,2.802986458166623e-17,genomics_england,0.25
1,4,I→Approved,91,229,6113,55673,0.39737991266375544,0.10980187882815727,3.6190629605315325,3.0801405293624384,4.252278942286556,5.34612621711392,4.0974771500730585,6.97528368859926,3.507081479008704e-29,genomics_england,0.25
1,2,I→II,1090,1231,55063,66383,0.8854589764419172,0.8294744136299956,1.0674940201794996,1.045952877418773,1.089478797487686,1.589256303836624,1.332016377458184,1.896174583156534,7.31256386803368e-08,gwas_credible_sets,0.25
2,3,II→III,669,1015,24258,47703,0.6591133004926109,0.5085214766366896,1.2961366053837502,1.238962641494627,1.355948955643306,1.8687244348685161,1.6392421208125025,2.130332651374133,9.41313928049133e-22,gwas_credible_sets,0.25
3,4,III→Approved,286,619,5918,20031,0.4620355411954766,0.2954420647995607,1.5638786626709344,1.4326354955363947,1.7071449640731728,2.048170847427353,1.7437655160977008,2.405715551503222,8.91109037631387e-18,gwas_credible_sets,0.25
1,4,I→Approved,286,1106,5918,54796,0.2585895117540687,0.10800058398423243,2.3943343842642695,2.1607458542394613,2.6531751211842547,2.8806510109710763,2.511154346895434,3.304516210748963,1.8906109181320286e-43,gwas_credible_sets,0.25
1,2,I→II,1502,1717,54651,65897,0.8747815958066395,0.8293397271499461,1.054792827557961,1.035740528182616,1.0741955912644883,1.4375780693814832,1.2443466507651375,1.6608159023016937,3.540506479664211e-07,impc,0.25
2,3,II→III,850,1368,24077,47350,0.6213450292397661,0.5084899683210137,1.2219415680733865,1.1713257249094122,1.274744645347154,1.5861313998540396,1.4198815629916028,1.7718469506021848,1.441329176420066e-16,impc,0.25
3,4,III→Approved,391,778,5813,19872,0.5025706940874036,0.2925221417069243,1.718060353157558,1.5968303839756193,1.8484939958012099,2.443542518750853,2.1162082453207702,2.821508731073963,3.47964097133149e-33,impc,0.25
1,4,I→Approved,391,1511,5813,54391,0.25876902713434813,0.10687429905682926,2.421246543069728,2.2156701535536976,2.645896914269658,2.917413863016392,2.591920827534722,3.283782265917306,1.8752503404162115e-59,impc,0.25
1,2,I→II,256,311,55897,67303,0.8231511254019293,0.8305276139250851,0.9911183103373354,0.9412478727858749,1.0436310492564613,0.9497780820892974,0.709274200004353,1.2718331009526187,0.7052626254027967,intogen,0.25
2,3,II→III,91,230,24836,48488,0.39565217391304347,0.5122092064015838,0.7724425273270918,0.6582582573422728,0.9064336852112094,0.6234660524117347,0.4783789381912035,0.8125565058938867,0.00044062545723337116,intogen,0.25
3,4,III→Approved,38,73,6166,20577,0.5205479452054794,0.2996549545609175,1.7371578119515327,1.392508019484305,2.1671094323333264,2.5375005792131966,1.6016448989795875,4.0201852443132395,9.409517164501805e-05,intogen,0.25
1,4,I→Approved,38,267,6166,55635,0.14232209737827714,0.11082951379527275,1.284153403769129,0.9557163412578022,1.7254596298327938,1.3313054969709932,0.9434848321938076,1.878540349338767,0.1170569909228303,intogen,0.25
1,2,I→II,116,124,56037,67490,0.9354838709677419,0.8303007853015262,1.1266807011726698,1.0756527945728565,1.1801293212825459,2.9635508681763834,1.4472393645754433,6.068542608254329,0.0010566205814922839,orphanet,0.25
2,3,II→III,85,110,24842,48608,0.7727272727272727,0.5110681369321922,1.5119848350667124,1.3657498262685948,1.6738776732761003,3.252733274293535,2.081758437213493,5.082373422662052,2.550616339804242e-08,orphanet,0.25
3,4,III→Approved,47,74,6157,20576,0.6351351351351351,0.29923211508553654,2.1225500309469774,1.7836604670964515,2.5258274862182026,4.07661860333616,2.5371258969067383,6.550254071872476,4.30950884846646e-09,orphanet,0.25
1,4,I→Approved,47,107,6157,55795,0.4392523364485981,0.11035038981987633,3.9805236498537493,3.209250904891963,4.937154805469599,6.315267175572519,4.307125397065629,9.259679211112598,6.956696174624521e-18,orphanet,0.25
1,2,I→II,132,165,56021,67449,0.8,0.8305682812198847,0.9631959443780012,0.8923775127474562,1.0396344753353088,0.8159797218900056,0.5569090340885688,1.195568514390091,0.2987130820360151,reactome,0.25
2,3,II→III,68,115,24859,48603,0.591304347826087,0.5114704853609859,1.1560869390317916,0.9928707657322594,1.3461339146330673,1.3819148508224686,0.9524272474438852,2.0050756213126926,0.0930079739523631,reactome,0.25
3,4,III→Approved,26,53,6178,20597,0.49056603773584906,0.29994659416419867,1.6355112786088188,1.2421118590360307,2.1535074502328384,2.2474851024543483,1.3105520421598118,3.8542454807287068,0.003951578500855531,reactome,0.25
1,4,I→Approved,26,133,6178,55769,0.19548872180451127,0.11077838942781833,1.764682830416929,1.2490729242135887,2.4931334524995266,1.9504936116397347,1.2696273907504028,2.996489644728633,0.003535648907822186,reactome,0.25
1,2,I→II,207,221,55946,67393,0.9366515837104072,0.8301455640793555,1.1282980048796245,1.0900826804587784,1.1678530543018584,3.0252756484569305,1.7601208564597282,5.199809271935589,3.763910252907916e-06,uniprot_literature,0.25
2,3,II→III,141,196,24786,48522,0.7193877551020408,0.5108198343019661,1.408300357179909,1.2898355947352305,1.5376454984871006,2.455034000132039,1.7968612528589503,3.3542890037917927,4.0408601798805915e-09,uniprot_literature,0.25
3,4,III→Approved,78,120,6126,20530,0.65,0.2983925962006819,2.178338230492981,1.9071431538025907,2.4880971504242226,4.366680658551373,2.9972544725859196,6.3617888131185545,2.767676646530791e-15,uniprot_literature,0.25
1,4,I→Approved,78,189,6126,55713,0.4126984126984127,0.10995638360885251,3.753291979540755,3.161127822987081,4.456384389535182,5.688037694893718,4.252768930299392,7.607695915012751,1.6642436877716382e-26,uniprot_literature,0.25
1,2,I→II,143,151,56010,67463,0.9470198675496688,0.8302328683871159,1.1406677615515677,1.0982677927202755,1.1847046329386943,3.6551039992858416,1.792783627410165,7.45197861099097,2.813987703236168e-05,uniprot_variants,0.25
2,3,II→III,100,134,24827,48584,0.746268656716418,0.5110118557549811,1.4603744478958574,1.3225789920587134,1.6125263903877685,2.814416941707202,1.9064614713960661,4.154787726167979,3.050713070516481e-08,uniprot_variants,0.25
3,4,III→Approved,54,84,6150,20566,0.6428571428571429,0.29903724593990083,2.1497560975609757,1.8305065349085639,2.524684392471422,4.219317073170732,2.697627423353147,6.599368174357221,1.4813045380690616e-10,uniprot_variants,0.25
1,4,I→Approved,54,126,6150,55776,0.42857142857142855,0.11026247848537005,3.886829268292683,3.1727567260341836,4.761613658208304,6.051951219512195,4.248446717296109,8.621059883896944,1.0103011074373633e-19,uniprot_variants,0.25
1,2,I→II,31088,32541,25065,35073,0.9553486371039611,0.7146522966384399,1.3368020247016648,1.3274534302003893,1.3462164567059072,8.542928207719804,8.065689831099006,9.048404276700339,0.0,overall,0.25
2,3,II→III,24807,29710,120,19008,0.834971390104342,0.006313131313131313,132.25946819252778,110.64648334394205,158.09419692259908,796.3740159086274,663.8039612798291,955.4199887443583,0.0,overall,0.25
3,4,III→Approved,6204,20530,0,120,0.30219191427179737,0.0,73.13277482830841,4.600309956599218,1162.6179115204375,104.37193313091124,6.4899105465263,1678.5285940981278,3.845829709365139e-19,overall,0.25
1,4,I→Approved,6204,26886,0,29016,0.230752064271368,0.0,13392.0464536765,837.6049604436323,214118.72742783118,17409.19852532334,1088.7410219242827,278376.7555285502,0.0,overall,0.25
1,2,I→II,315,344,55838,67270,0.9156976744186046,0.8300579753233239,1.1031731537329332,1.0681682749416503,1.1393251753180418,2.2238470649699686,1.519476533087444,3.2547365231937655,6.836174680493549e-06,cancer_biomarkers,0.5
2,3,II→III,135,277,24792,48441,0.48736462093862815,0.5117978571870936,0.9522599872091032,0.8436586646285502,1.0748411902327002,0.9068733553304337,0.7160351955799278,1.1485738238637686,0.43359256173921856,cancer_biomarkers,0.5
3,4,III→Approved,51,108,6153,20542,0.4722222222222222,0.29953266478434426,1.5765299673149502,1.2901381885657337,1.9264965256203963,2.0923725696493793,1.4323867657513842,3.056453099749617,0.00019511992579678163,cancer_biomarkers,0.5
1,4,I→Approved,51,279,6153,55623,0.1827956989247312,0.11061970767488269,1.6524695532732525,1.2879521381208245,2.120153027176338,1.798416690189638,1.3259850458421092,2.439169733998474,0.0003631432333413496,cancer_biomarkers,0.5
1,2,I→II,496,562,55657,67052,0.8825622775800712,0.8300572689852652,1.0632546820040414,1.0314671705201686,1.0960218135041555,1.5386232013071404,1.189215055422859,1.9906923855406882,0.0006870203331871155,cancer_gene_census,0.5
2,3,II→III,168,407,24759,48311,0.41277641277641275,0.5124919790523897,0.8054299962696908,0.7170703257302184,0.9046776245138605,0.668661123354662,0.5484758531314108,0.8151821002387771,6.51220505304049e-05,cancer_gene_census,0.5
3,4,III→Approved,67,142,6137,20508,0.47183098591549294,0.2992490735322801,1.5767166138430715,1.323221935925687,1.878774234973368,2.0919167888762153,1.5026821903868155,2.9122031788076828,1.919507002905263e-05,cancer_gene_census,0.5
1,4,I→Approved,67,447,6137,55455,0.14988814317673377,0.11066630601388514,1.3544153462385158,1.0847378158735168,1.6911376217202876,1.416904367812149,1.0913576391130662,1.8395601181265508,0.0123177176798263,cancer_gene_census,0.5
1,2,I→II,18933,19417,37220,48197,0.9750733892980378,0.772247235305102,1.2626440662009009,1.2559138512363919,1.2694103471690008,11.536693870708453,10.515333268168026,12.657259838767784,0.0,chembl,0.5
2,3,II→III,16184,18268,8743,30450,0.8859207357127217,0.2871264367816092,3.08547253831092,3.029076158430971,3.142918925353849,19.280908027765783,18.305152597871906,20.308676061972932,0.0,chembl,0.5
3,4,III→Approved,6204,14571,0,6079,0.42577722874202184,0.0,5177.513038704365,323.86355611464955,82771.40406765616,9015.896683597251,563.759917735732,144186.18715529825,0.0,chembl,0.5
1,4,I→Approved,6204,17139,0,38763,0.3619814458253107,0.0,28064.321820303383,1755.2969678248796,448702.5122646561,43986.673814640395,2750.7845151805072,703372.969637574,0.0,chembl,0.5
1,2,I→II,70,72,56083,67542,0.9722222222222222,0.8303426016404607,1.1708687718797735,1.125867735989962,1.2176685032703274,7.151275787671843,1.753448016231662,29.165817816058343,0.00039377853589268587,clingen,0.5
2,3,II→III,50,64,24877,48654,0.78125,0.5113043120812266,1.527955038790851,1.3417840486635542,1.7399570392059058,3.413508748758176,1.886714184112435,6.175838436986186,1.3334590242846428e-05,clingen,0.5
3,4,III→Approved,30,45,6174,20605,0.6666666666666666,0.2996360106770201,2.2249217147176332,1.8077291481720663,2.7383950973118174,4.674765144152899,2.5134784303331594,8.694496395614673,5.264308045403961e-07,clingen,0.5
1,4,I→Approved,30,61,6174,55841,0.4918032786885246,0.11056392256585663,4.44813522598735,3.4428743915779974,5.746915146561859,7.785040283394464,4.709326260138014,12.869537778063897,1.503789846887785e-13,clingen,0.5
1,2,I→II,2,2,56151,67612,1.0,0.8304886706501804,1.0034311935863987,0.6049275003421769,1.6644542688052484,1.0205871615183921,0.048994291168042096,21.259582074239304,1.0,crispr,0.5
2,3,II→III,0,2,24927,48716,0.0,0.5116799408818458,0.3257246013438973,0.025938665947237025,4.09028421648424,0.19086952161267676,0.009163012007882127,3.97589507132737,0.23847186678304372,crispr,0.5
3,4,III→Approved,0,0,6204,20650,0.0,0.3004358353510896,,,,,,,,crispr,0.5
1,4,I→Approved,0,2,6204,55900,0.0,0.11098389982110912,1.5016251645311198,0.11956879022707939,18.85841723806652,1.6019501974373438,0.0768994873426237,33.371411484652796,1.0,crispr,0.5
1,2,I→II,149,155,56004,67459,0.9612903225806452,0.8301931543604263,1.1579116468639337,1.1216975039427801,1.1952949678771343,5.07938421065162,2.2453001329544184,11.49073283377423,8.643683466362458e-07,crispr_screen,0.5
2,3,II→III,39,55,24888,48663,0.7090909090909091,0.5114357931076999,1.386471026562637,1.1703039069060486,1.6425664275356247,2.3284941538090647,1.3009117918866948,4.167757612881427,0.004180690311450516,crispr_screen,0.5
3,4,III→Approved,11,30,6193,20620,0.36666666666666664,0.30033947623666346,1.220840734162226,0.7624534730601682,1.954810556777601,1.3486958960456203,0.6414490802770498,2.83573657822482,0.4293696710737902,crispr_screen,0.5
1,4,I→Approved,11,52,6193,55850,0.21153846153846154,0.11088630259623992,1.9077059707610329,1.1282173587164424,3.225745502637652,2.1512368409652125,1.1051691893436666,4.187431201076406,0.04197866514370385,crispr_screen,0.5
1,2,I→II,4564,5657,51589,61957,0.8067880502032879,0.8326581338670368,0.9689307260548782,0.9561943256220329,0.9818367739031485,0.8391958987122105,0.7830159242680058,0.8994066845750999,1.0146845574796472e-06,europepmc,0.5
2,3,II→III,2024,4049,22903,44669,0.4998765127191899,0.5127269470997784,0.9749370801490413,0.9441307621399191,1.0067485864936525,0.9498865370486265,0.89069853835065,1.013007650082188,0.11886534692549247,europepmc,0.5
3,4,III→Approved,739,1695,5465,18955,0.4359882005899705,0.2883144289105777,1.5121969519090377,1.4261513263630912,1.6034340669825886,1.908131624985166,1.724796473258724,2.1109541645742778,7.588543369348845e-35,europepmc,0.5
1,4,I→Approved,739,4813,5465,51089,0.15354248909204238,0.10697018927753528,1.4353764364544104,1.3371230913831862,1.5408495505056907,1.5143511999644275,1.3934060442587954,1.6457941791501067,4.7537799881502004e-21,europepmc,0.5
1,2,I→II,381,414,55772,67200,0.9202898550724637,0.8299404761904762,1.1088624804717342,1.0776465586662722,1.1409826261772573,2.3657293004635758,1.656757687722229,3.3780891222339178,1.6366313825664606e-07,eva,0.5
2,3,II→III,259,353,24668,48365,0.7337110481586402,0.5100382508011992,1.4385412211850426,1.3501015791129742,1.5327741831160318,2.6468622455140434,2.0890245659097846,3.3536607759691592,1.4761478079008334e-17,eva,0.5
3,4,III→Approved,152,235,6052,20415,0.6468085106382979,0.2964486896889542,2.1818565341508345,1.9805279526381516,2.403650970578575,4.3462203075354955,3.3205389329469983,5.688724433918705,3.5842294593540087e-28,eva,0.5
1,4,I→Approved,152,362,6052,55540,0.4198895027624309,0.10896651062297444,3.853381193560048,3.4060559809041933,4.359454661382421,5.918685676517798,4.7955650559964385,7.304840978773486,2.037253381668889e-51,eva,0.5
1,2,I→II,130,142,56023,67472,0.9154929577464789,0.8303147972492293,1.102585381808729,1.0487195365956046,1.1592179622444503,2.2139270180699593,1.2251903425961717,4.000580702386168,0.004924334046287953,eva_somatic,0.5
2,3,II→III,69,118,24858,48600,0.5847457627118644,0.5114814814814815,1.1432393622896695,0.981738568236582,1.3313078265185632,1.3449437704118576,0.9321739806331871,1.9404894184462977,0.11756042181861341,eva_somatic,0.5
3,4,III→Approved,41,59,6163,20591,0.6949152542372882,0.2993055218299257,2.321758883660555,1.9580877623154935,2.7529738031160633,5.33243189644293,3.061275544399946,9.288556197503475,4.6350660753713697e-10,eva_somatic,0.5
1,4,I→Approved,41,120,6163,55782,0.3416666666666667,0.11048366856692123,3.0924630861593383,2.4096840409213263,3.9687061775956587,4.178424941001526,2.8626658778964367,6.098942640282254,1.7929888163724598e-11,eva_somatic,0.5
1,2,I→II,4,6,56149,67608,0.6666666666666666,0.8305082238788309,0.802721330744982,0.45586855170129875,1.4134809967220623,0.4081639922349463,0.0747516685944935,2.228683957021952,0.2700801667730809,expression_atlas,0.5
2,3,II→III,1,3,24926,48715,0.3333333333333333,0.5116699168633891,0.6514616598464789,0.131484784795243,3.2277673413759422,0.47719248976971834,0.04326735299519824,5.262921268095463,0.6164562177292984,expression_atlas,0.5
3,4,III→Approved,0,1,6204,20649,0.0,0.30045038500653787,0.8320573777097269,0.07544133623107564,9.17692493781689,0.7760765036129691,0.03161099665651674,19.053329637297765,1.0,expression_atlas,0.5
1,4,I→Approved,0,5,6204,55897,0.0,0.11098985634291643,0.7507722889300775,0.0528361129002609,10.668063922289868,0.7281152242873574,0.04025685751319695,13.16922910997797,1.0,expression_atlas,0.5
1,2,I→II,54,55,56099,67559,0.9818181818181818,0.830370490978256,1.1823856850470515,1.140433987843509,1.225880606073295,11.031212677587837,1.5259210290944787,79.74701889414762,0.0008769591284222,gene2phenotype,0.5
2,3,II→III,36,51,24891,48667,0.7058823529411765,0.5114554009904042,1.380144488794674,1.1558302365843784,1.647991850065481,2.2924912619018922,1.2548856300750535,4.188043961888545,0.0071497283389115,gene2phenotype,0.5
3,4,III→Approved,25,33,6179,20617,0.7575757575757576,0.29970412766163845,2.527745491817348,2.081730000929536,3.0693208382210386,7.301950153746561,3.2918278150239444,16.197225080987902,7.834475559217668e-08,gene2phenotype,0.5
1,4,I→Approved,25,49,6179,55853,0.5102040816326531,0.11062968864698405,4.611818833375719,3.5018052537379067,6.0736881153445355,8.374130118142094,4.7798882905502404,14.671065718044611,5.5444802956445136e-12,gene2phenotype,0.5
1,2,I→II,58,64,56095,67550,0.90625,0.8304219096965211,1.0913127284071664,1.0085451364984626,1.1808727523275397,1.9740024363431083,0.8515493697376219,4.575994953632775,0.1320071351120461,gene_burden,0.5
2,3,II→III,37,49,24890,48669,0.7551020408163265,0.511413836322916,1.4764990447766089,1.258577210970402,1.7321539038080571,2.94570443283782,1.5357134089981044,5.650256457226189,0.0008148459885121942,gene_burden,0.5
3,4,III→Approved,24,35,6180,20615,0.6857142857142857,0.2997817123453796,2.2873786407766987,1.8260422081187535,2.8652684056365456,5.096204766107679,2.494860514325681,10.40992186495774,2.8771243573706143e-06,gene_burden,0.5
1,4,I→Approved,24,53,6180,55849,0.4528301886792453,0.11065551755626779,4.0922513280820665,3.041110767332176,5.506711926471647,6.651355875460328,3.870250668562443,11.430922379622825,3.553340824987642e-10,gene_burden,0.5
1,2,I→II,236,254,55917,67360,0.9291338582677166,0.8301217339667458,1.119274222381626,1.081712741249079,1.1581399914374544,2.6830918047185013,1.6607783914145064,4.334703335353562,5.070842370919584e-06,genomics_england,0.5
2,3,II→III,157,223,24770,48495,0.7040358744394619,0.5107743066295495,1.3783697913177917,1.265363160797326,1.5014687802514282,2.278431264604054,1.7081473701501975,3.039110745502458,5.4018160917848966e-09,genomics_england,0.5
3,4,III→Approved,90,137,6114,20513,0.656934306569343,0.2980548920196948,2.204071545740421,1.9493366709076445,2.4920945936345795,4.509740463115695,3.165295695083222,6.425231954238717,7.257231889814189e-18,genomics_england,0.5
1,4,I→Approved,90,221,6114,55681,0.4072398190045249,0.10980406242703974,3.7087864510943653,3.157858786866743,4.355830285073979,5.569784776273701,4.253334710058618,7.29368943869991,7.943656827407586e-30,genomics_england,0.5
1,2,I→II,694,778,55459,66836,0.8920308483290489,0.8297773654916512,1.0750243202892285,1.048810562390401,1.1018932595218636,1.694868109345471,1.350245161147122,2.1274491408921974,1.4309995294777726e-06,gwas_credible_sets,0.5
2,3,II→III,451,656,24476,48062,0.6875,0.5092588739544754,1.350001021408727,1.2811677178344543,1.422532532184908,2.120003268507926,1.7956310691122879,2.5029717606224136,4.499588179632445e-20,gwas_credible_sets,0.5
3,4,III→Approved,219,416,5985,20234,0.5264423076923077,0.29578926559256696,1.779788413341045,1.6207790793489247,1.9543976329799955,2.6466597966998715,2.1781704840988563,3.2159135984093576,2.9638334892074714e-22,gwas_credible_sets,0.5
1,4,I→Approved,219,705,5985,55197,0.31063829787234043,0.10842980596771563,2.864879219324908,2.559957093417008,3.206121291026934,3.705226028033046,3.151845377966361,4.355765677715953,4.456184052554577e-47,gwas_credible_sets,0.5
1,2,I→II,453,499,55700,67115,0.9078156312625251,0.8299187960962527,1.0938607916011556,1.0634784321388024,1.1251111402380922,2.0181855436734057,1.4891903222308682,2.735092236290315,1.0545330090883737e-06,impc,0.5
2,3,II→III,286,420,24641,48298,0.680952380952381,0.5101867572156197,1.3347119879565803,1.249411112668794,1.4258365983233032,2.049097275684804,1.667697804301281,2.517722116314752,2.1188353086163814e-12,impc,0.5
3,4,III→Approved,154,271,6050,20379,0.5682656826568265,0.2968742332793562,1.9141630325394163,1.7218090166840694,2.12800611428834,3.1174203574203574,2.446761082579402,3.9719079047201955,3.60387966044671e-20,impc,0.5
1,4,I→Approved,154,451,6050,55451,0.34146341463414637,0.10910533624280896,3.129667405764967,2.747169755671325,3.565421485325745,4.233939393939394,3.478794335953901,5.153004478097849,6.737100925311526e-39,impc,0.5
1,2,I→II,142,163,56011,67451,0.8711656441717791,0.8303953981408726,1.049097389174103,0.9888578826003604,1.1130065819748545,1.3810892588275603,0.8730143199725453,2.1848525244223307,0.17555321926098844,intogen,0.5
2,3,II→III,58,126,24869,48592,0.4603174603174603,0.5117920645373724,0.8994228168300307,0.7443358405050108,1.0868231239350366,0.8136363958909391,0.5729178297063372,1.155495867632053,0.2842550019329032,intogen,0.5
3,4,III→Approved,26,49,6178,20601,0.5306122448979592,0.2998883549342265,1.7693659529205015,1.3585931046421682,2.304336644030619,2.63908398665672,1.5047077877228467,4.628649060936989,0.0008507470948253511,intogen,0.5
1,4,I→Approved,26,138,6178,55764,0.18840579710144928,0.11078832221504914,1.70059256548482,1.201891488245906,2.4062197811243156,1.8632301253295103,1.2150960194451497,2.8570799709480363,0.006308417915806512,intogen,0.5
1,2,I→II,116,124,56037,67490,0.9354838709677419,0.8303007853015262,1.1266807011726698,1.0756527945728565,1.1801293212825459,2.9635508681763834,1.4472393645754433,6.068542608254329,0.0010566205814922839,orphanet,0.5
2,3,II→III,85,110,24842,48608,0.7727272727272727,0.5110681369321922,1.5119848350667124,1.3657498262685948,1.6738776732761003,3.252733274293535,2.081758437213493,5.082373422662052,2.550616339804242e-08,orphanet,0.5
3,4,III→Approved,47,74,6157,20576,0.6351351351351351,0.29923211508553654,2.1225500309469774,1.7836604670964515,2.5258274862182026,4.07661860333616,2.5371258969067383,6.550254071872476,4.30950884846646e-09,orphanet,0.5
1,4,I→Approved,47,107,6157,55795,0.4392523364485981,0.11035038981987633,3.9805236498537493,3.209250904891963,4.937154805469599,6.315267175572519,4.307125397065629,9.259679211112598,6.956696174624521e-18,orphanet,0.5
1,2,I→II,132,165,56021,67449,0.8,0.8305682812198847,0.9631959443780012,0.8923775127474562,1.0396344753353088,0.8159797218900056,0.5569090340885688,1.195568514390091,0.2987130820360151,reactome,0.5
2,3,II→III,68,115,24859,48603,0.591304347826087,0.5114704853609859,1.1560869390317916,0.9928707657322594,1.3461339146330673,1.3819148508224686,0.9524272474438852,2.0050756213126926,0.0930079739523631,reactome,0.5
3,4,III→Approved,26,53,6178,20597,0.49056603773584906,0.29994659416419867,1.6355112786088188,1.2421118590360307,2.1535074502328384,2.2474851024543483,1.3105520421598118,3.8542454807287068,0.003951578500855531,reactome,0.5
1,4,I→Approved,26,133,6178,55769,0.19548872180451127,0.11077838942781833,1.764682830416929,1.2490729242135887,2.4931334524995266,1.9504936116397347,1.2696273907504028,2.996489644728633,0.003535648907822186,reactome,0.5
1,2,I→II,184,197,55969,67417,0.934010152284264,0.8301911980657698,1.1250542699806718,1.083890830307023,1.16778099326037,2.895053168168643,1.6490059770175969,5.0826576515397655,2.4230956610075303e-05,uniprot_literature,0.5
2,3,II→III,128,174,24799,48544,0.735632183908046,0.5108561305207646,1.4399987392891724,1.3167211288364324,1.574818178080588,2.664343057311217,1.9013393608649414,3.7335386165956135,1.7724151071323074e-09,uniprot_literature,0.5
3,4,III→Approved,68,108,6136,20542,0.6296296296296297,0.2987050920066206,2.1078637307450867,1.8212397436163705,2.4395961723128843,3.991232073011734,2.6977275280988007,5.904945289958183,1.7043772196168048e-12,uniprot_literature,0.5
1,4,I→Approved,68,167,6136,55735,0.40718562874251496,0.11009240154301606,3.6985806743748486,3.0753921335195846,4.448050333407018,5.552151238591916,4.07287755987255,7.568698769614471,6.625905872722108e-23,uniprot_literature,0.5
1,2,I→II,137,144,56016,67470,0.9513888888888888,0.8302356602934637,1.145926312720175,1.1042170180972237,1.1892110813934558,4.001912718815032,1.872023768111695,8.555075892635761,1.7910429218404857e-05,uniprot_variants,0.5
2,3,II→III,95,128,24832,48590,0.7421875,0.5110516567194896,1.4522749124114047,1.3108274099025417,1.608985595881278,2.7542784481412057,1.8528418365584727,4.094278108478865,1.1216062755042061e-07,uniprot_variants,0.5
3,4,III→Approved,51,80,6153,20570,0.6375,0.2991249392318911,2.1312164797659676,1.8042291879491663,2.5174649174082724,4.120597185561291,2.6095705603172066,6.506557601413047,6.864659618633879e-10,uniprot_variants,0.5
1,4,I→Approved,51,120,6153,55782,0.425,0.11030439926858127,3.852974158946855,3.124902832553488,4.750678873871231,5.961694189472792,4.147280566511167,8.569904311704818,1.6099768480475162e-18,uniprot_variants,0.5
1,2,I→II,6191,6378,49962,61236,0.9706804640953277,0.8158926121889085,1.1897159621180393,1.1829686142625935,1.1965017951053252,7.470633189245217,6.449974224783585,8.652803608703534,1.4957755537684149e-298,overall,0.5
2,3,II→III,5280,6010,19647,42708,0.8785357737104825,0.4600309075583029,1.909732062077024,1.8833204709523375,1.9365140480211245,8.489711908332758,7.839351479041754,9.194026888471283,0.0,overall,0.5
3,4,III→Approved,3974,5086,2230,15564,0.7813605977192293,0.1432793626317142,5.453406431794657,5.233945660454138,5.68206925322929,21.36872761880182,19.721891813043676,23.153079044097716,0.0,overall,0.5
1,4,I→Approved,3974,6003,2230,49899,0.6620023321672497,0.044690274354195474,14.813118552831208,14.169642648532326,15.485816170738804,41.867496635113724,39.103915977981686,44.82638709325838,0.0,overall,0.5
1,2,I→II,170,176,55983,67438,0.9659090909090909,0.8301402769951659,1.1635492430331935,1.131462152079078,1.1965462905457374,5.79744446230701,2.567722502319341,13.089561766575267,4.7081747897027194e-08,cancer_biomarkers,0.75
2,3,II→III,81,154,24846,48564,0.525974025974026,0.5116135408944897,1.0280690089914915,0.8847009918592939,1.1946701732836362,1.0592140737628724,0.7716094782809166,1.4540184972285704,0.7471671654212625,cancer_biomarkers,0.75
3,4,III→Approved,36,67,6168,20583,0.5373134328358209,0.2996647718991401,1.7930483767930772,1.4343901377190869,2.241386354365693,2.7140077821011674,1.6774367437273052,4.391127277287742,7.485552873654653e-05,cancer_biomarkers,0.75
1,4,I→Approved,36,146,6168,55756,0.2465753424657534,0.11062486548532893,2.2289323596823194,1.6769992572422894,2.9625173908596465,2.6311284046692607,1.8042528402436897,3.836954847704373,3.7378737382200635e-06,cancer_biomarkers,0.75
1,2,I→II,6794,6945,49359,60669,0.9782577393808495,0.8135785986253276,1.202413314501849,1.1962044174001927,1.20865443887391,10.309671981558548,8.762934897146874,12.129422118831455,0.0,chembl,0.75
2,3,II→III,5978,6633,18949,42085,0.9012513191617669,0.4502554354282999,2.001644507199481,1.9753468218400034,2.0282922922212654,11.143371017181918,10.256606353429596,12.1068034930529,0.0,chembl,0.75
3,4,III→Approved,4696,5821,1508,14829,0.8067342381034187,0.10169262930743812,7.93306499790159,7.550230102203177,8.335311561241982,36.87321898025346,33.89988476840561,40.10734217105336,0.0,chembl,0.75
1,4,I→Approved,4696,6627,1508,49275,0.708616266787385,0.030603754439370877,23.154553412432623,21.980485852929448,24.391332717413157,77.03222447653599,71.55740837535768,82.92591560438517,0.0,chembl,0.75
1,2,I→II,0,0,56153,67614,0.0,0.8304936847398467,,,,,,,,clingen,0.75
2,3,II→III,0,0,24927,48718,0.0,0.5116589350958578,,,,,,,,clingen,0.75
3,4,III→Approved,0,0,6204,20650,0.0,0.3004358353510896,,,,,,,,clingen,0.75
1,4,I→Approved,0,0,6204,55902,0.0,0.11097992916174734,,,,,,,,clingen,0.75
1,2,I→II,61,63,56092,67551,0.9682539682539683,0.8303652055484004,1.166057972786205,1.114924500559675,1.2195365652254748,6.230826142765457,1.5233704680563551,25.485064359231927,0.0012246110512513018,crispr_screen,0.75
2,3,II→III,4,8,24923,48710,0.5,0.5116608499281462,0.9772098062031055,0.48867378167825165,1.954144136933161,0.9544196124062111,0.23867092727899475,3.816622355016892,1.0,crispr_screen,0.75
3,4,III→Approved,0,3,6204,20647,0.0,0.3004794885455514,0.4159883955193811,0.031117961905098614,5.560979402652838,0.3325581663078641,0.0171754049630364,6.439145639713472,0.5588755511375838,crispr_screen,0.75
1,4,I→Approved,0,9,6204,55893,0.0,0.11099779936664698,0.4504311386896608,0.030219258909576198,6.7138711544303,0.42150646177859025,0.024530028416754033,7.242865532098569,0.610224553701022,crispr_screen,0.75
1,2,I→II,2290,2875,53863,64739,0.7965217391304348,0.8320023478892167,0.9573551578925277,0.9395281386606409,0.9755204348110306,0.7904206477624223,0.7201502571040163,0.8675478405320185,1.2008916530003722e-06,europepmc,0.75
2,3,II→III,1045,2035,23882,46683,0.5135135135135135,0.511578090525459,1.003783240572454,0.9613357033348205,1.0481050381868633,1.0077766611767114,0.9221434526170851,1.1013620450593906,0.8740256663079131,europepmc,0.75
3,4,III→Approved,405,871,5799,19779,0.46498277841561425,0.2931897467010466,1.5859448826146636,1.4721585488794326,1.7085260093800072,2.0951888256595965,1.8276316266814892,2.4019152169847384,1.92554722612652e-25,europepmc,0.75
1,4,I→Approved,405,2446,5799,53456,0.16557645134914145,0.10848174199341515,1.5263070845524582,1.3918416235224302,1.6737632191652028,1.6307433262201436,1.460807357077887,1.820447975653061,1.0247197800507438e-16,europepmc,0.75
1,2,I→II,236,251,55917,67363,0.9402390438247012,0.8300847646334041,1.1327024466470546,1.09771504697652,1.1688049974117434,3.220554273894045,1.9103205371827296,5.429439525574801,3.0400043392181506e-07,eva,0.75
2,3,II→III,161,221,24766,48497,0.7285067873303167,0.510670763139988,1.4265684270838395,1.31563149229325,1.5468598076845392,2.571193706425476,1.9105348815413987,3.4603069223359397,5.0539667811029745e-11,eva,0.75
3,4,III→Approved,99,143,6105,20507,0.6923076923076923,0.2977032232896084,2.3254961254961257,2.080613252030837,2.5992010886304504,5.307862407862408,3.7166114200679607,7.580400573671958,4.451360580667451e-22,eva,0.75
1,4,I→Approved,99,218,6105,55684,0.4541284403669725,0.1096365203649163,4.142127448549467,3.5742650693298836,4.800209124737248,6.756166250283897,5.168167230519679,8.832102438930816,1.6182324854682967e-37,eva,0.75
1,2,I→II,48,52,56105,67562,0.9230769230769231,0.830422426807969,1.1115751372769465,1.0276172189364132,1.2023925475782815,2.450476784600303,0.8834567960909706,6.796978073443577,0.09369764008517903,eva_somatic,0.75
2,3,II→III,22,43,24905,48675,0.5116279069767442,0.5116589625064202,0.9999393042398322,0.746612214113388,1.3392208073517913,0.9998757182053709,0.5497270071607444,1.8186325918755002,1.0,eva_somatic,0.75
3,4,III→Approved,12,22,6192,20628,0.5454545454545454,0.30017452006980805,1.8171247357293867,1.2401462296545922,2.6625427116923595,2.797674418604651,1.208106259608878,6.478719972073354,0.018176037986303184,eva_somatic,0.75
1,4,I→Approved,12,47,6192,55855,0.2553191489361702,0.11085847283143854,2.303109021936335,1.4126184627582339,3.7549496249450915,2.749889258028793,1.4267202683835662,5.300191704705754,0.004365491371922746,eva_somatic,0.75
1,2,I→II,0,0,56153,67614,0.0,0.8304936847398467,,,,,,,,expression_atlas,0.75
2,3,II→III,0,0,24927,48718,0.0,0.5116589350958578,,,,,,,,expression_atlas,0.75
3,4,III→Approved,0,0,6204,20650,0.0,0.3004358353510896,,,,,,,,expression_atlas,0.75
1,4,I→Approved,0,0,6204,55902,0.0,0.11097992916174734,,,,,,,,expression_atlas,0.75
1,2,I→II,2,2,56151,67612,1.0,0.8304886706501804,1.0034311935863987,0.6049275003421769,1.6644542688052484,1.0205871615183921,0.048994291168042096,21.259582074239304,1.0,gene2phenotype,0.75
2,3,II→III,1,2,24926,48716,0.5,0.5116594137449708,0.9772125491454706,0.24439192949977337,3.9074300373256565,0.9544250982909411,0.05969478072574241,15.259747287334445,1.0,gene2phenotype,0.75
3,4,III→Approved,1,1,6203,20649,1.0,0.3004019565112112,2.4965745143870395,1.1213092667605042,5.5585773618850665,6.986298057548158,0.2845645251497128,171.51948410724245,0.3004358353510896,gene2phenotype,0.75
1,4,I→Approved,1,2,6203,55900,0.5,0.1109660107334526,4.505884249556666,1.126687274100819,18.020078274697962,8.011768499113332,0.5010638310869517,128.10430627998332,0.20964507861310813,gene2phenotype,0.75
1,2,I→II,40,44,56113,67570,0.9090909090909091,0.8304425040698535,1.094706622837359,0.9969912271266175,1.2019991324675734,2.041772851210949,0.7303789981045534,5.707771426561915,0.22584672449646215,gene_burden,0.75
2,3,II→III,28,34,24899,48684,0.8235294117647058,0.5114411305562403,1.6102134978253317,1.3778527544745696,1.8817594987264246,4.457876487676881,1.8455345633484443,10.767971065969318,0.0002195134486037936,gene_burden,0.75
3,4,III→Approved,19,27,6185,20623,0.7037037037037037,0.29990786985404644,2.3463995928021797,1.8353566126970573,2.9997391302673138,5.544098625707356,2.425757224068978,12.671107094555708,1.8014835251698993e-05,gene_burden,0.75
1,4,I→Approved,19,37,6185,55865,0.5135135135135135,0.1107133267698917,4.638226747361751,3.386614256056083,6.352405598444309,8.478577202910266,4.447461613444448,16.163438301165133,1.6988229881739643e-09,gene_burden,0.75
1,2,I→II,150,156,56003,67458,0.9615384615384616,0.8301906371371817,1.1582140517197568,1.1222208739278496,1.1953616447231947,5.113565344713676,2.2606476063772223,11.566840608369201,8.964754388959149e-07,genomics_england,0.75
2,3,II→III,99,143,24828,48575,0.6923076923076923,0.5111271230056613,1.354472617764063,1.2138530522545998,1.5113823447286894,2.1520360077332046,1.5081013276675306,3.070920298003515,1.5861518939152584e-05,genomics_england,0.75
3,4,III→Approved,60,87,6144,20563,0.6896551724137931,0.2987890871954481,2.3081672054597706,2.0016013172926628,2.661686821612433,5.215205439814815,3.3081686566596678,8.221578342059756,1.04341643264988e-13,genomics_england,0.75
1,4,I→Approved,60,137,6144,55765,0.43795620437956206,0.11017663408948265,3.9750370666058394,3.2833936683465943,4.812374414076021,6.293247767857143,4.485847155469081,8.828871358078507,2.4819092477780444e-22,genomics_england,0.75
1,2,I→II,201,224,55952,67390,0.8973214285714286,0.8302715536429738,1.080756560470199,1.0337897155009954,1.1298571899927652,1.7864986758836767,1.1599295841876496,2.7515269568448275,0.007172941997998928,gwas_credible_sets,0.75
2,3,II→III,143,194,24784,48524,0.7371134020618557,0.5107575632676614,1.443176675340925,1.3262573284397012,1.5704033233870112,2.68580931404195,1.9499844355833205,3.6992970506642093,1.89417480904919e-10,gwas_credible_sets,0.75
3,4,III→Approved,82,138,6122,20512,0.5942028985507246,0.2984594383775351,1.9909000089958289,1.7317308014800825,2.28885623702708,3.441860736454007,2.447157726842532,4.840883445804146,8.937453979596786e-13,gwas_credible_sets,0.75
1,4,I→Approved,82,212,6122,55690,0.3867924528301887,0.10992996947387322,3.518535069930286,2.965111791062241,4.175252034559613,5.107149498655542,3.8688969734535297,6.741708600819853,1.6445513218241739e-25,gwas_credible_sets,0.75
1,2,I→II,62,64,56091,67550,0.96875,0.8303626943005181,1.1666588668413829,1.116288885153624,1.2193016786978987,6.333083738924248,1.5489297908519317,25.89397523445323,0.0012345978486346916,impc,0.75
2,3,II→III,38,59,24889,48659,0.6440677966101694,0.5114983867321564,1.2591785493693695,1.0414072193919017,1.5224885997216075,1.7281683053710857,1.0139287859005246,2.945537924575877,0.049978629235747384,impc,0.75
3,4,III→Approved,18,36,6186,20614,0.5,0.30008731929756477,1.6661817006142903,1.2010658075743967,2.311414946586902,2.3323634012285805,1.2127397890013258,4.4856440637362525,0.01634594261789895,impc,0.75
1,4,I→Approved,18,59,6186,55843,0.3050847457627119,0.11077485092133302,2.7540975521544,1.8724912690664552,4.050781678979173,3.5241891604173072,2.0235369626612276,6.13772294135362,4.555193525229359e-05,impc,0.75
1,2,I→II,77,90,56076,67524,0.8555555555555555,0.8304602807890528,1.0302185129704924,0.9463083696580912,1.1215690556035207,1.2092050897957167,0.671611053531471,2.1771186485085914,0.6726255274845223,intogen,0.75
2,3,II→III,27,71,24900,48647,0.38028169014084506,0.5118506793841346,0.7429543526217547,0.5520129287972156,0.9999424674388075,0.5852217962760131,0.36231497570482335,0.945267443528319,0.03191239500550004,intogen,0.75
3,4,III→Approved,13,25,6191,20625,0.52,0.300169696969697,1.7323534162493943,1.18802264384742,2.5260868337256857,2.525736283852905,1.151832640334929,5.538429414290692,0.026454326276358416,intogen,0.75
1,4,I→Approved,13,82,6191,55820,0.15853658536585366,0.11091006807595843,1.4294156348121387,0.8676775727831179,2.3548252497660314,1.5103200297767447,0.8345496064334605,2.733290597419626,0.1610798032092298,intogen,0.75
1,2,I→II,0,0,56153,67614,0.0,0.8304936847398467,,,,,,,,orphanet,0.75
2,3,II→III,0,0,24927,48718,0.0,0.5116589350958578,,,,,,,,orphanet,0.75
3,4,III→Approved,0,0,6204,20650,0.0,0.3004358353510896,,,,,,,,orphanet,0.75
1,4,I→Approved,0,0,6204,55902,0.0,0.11097992916174734,,,,,,,,orphanet,0.75
1,2,I→II,83,102,56070,67512,0.8137254901960784,0.8305190188410949,0.9797794773340047,0.8928460712361885,1.0751772955396148,0.8914477204246571,0.5413029756242074,1.4680854789943247,0.5996567667663583,reactome,0.75
2,3,II→III,44,78,24883,48640,0.5641025641025641,0.5115748355263158,1.1026784840231771,0.9070737830055708,1.3404640966458012,1.2355565221708182,0.7894891667522272,1.9336553100011755,0.36675603413872154,reactome,0.75
3,4,III→Approved,17,36,6187,20614,0.4722222222222222,0.3001358300184341,1.5733617082412943,1.1132060075771142,2.2237277270429057,2.0863695524571897,1.0837378703411862,4.016596659162614,0.029123872016477308,reactome,0.75
1,4,I→Approved,17,89,6187,55813,0.19101123595505617,0.1108523103936359,1.7231146132793842,1.122917847339665,2.644115041479832,1.893850008081461,1.1156560090613739,3.2148510149895513,0.02598652513460694,reactome,0.75
1,2,I→II,4,5,56149,67609,0.8,0.8304959398896596,0.9632798446989261,0.6214587057909727,1.4931129784756585,0.8163992234946303,0.09124106175137887,7.304909427060264,1.0,uniprot_literature,0.75
2,3,II→III,3,4,24924,48714,0.75,0.5116393644537505,1.46587626384208,0.8324299673274121,2.581350149844437,2.8635050553683197,0.2978412138045902,27.530310857179135,0.6253923193997746,uniprot_literature,0.75
3,4,III→Approved,3,3,6201,20647,1.0,0.3003341889862934,2.913327420785294,2.0103582022962567,4.221872823959924,16.30661936628235,0.8421768220567468,315.73634917596644,0.02710867309414399,uniprot_literature,0.75
1,4,I→Approved,3,5,6201,55897,0.6,0.11093618619961715,5.408514755684567,2.6429935035380363,11.067765328707594,12.021286889211417,2.0083030886838324,71.95693682243635,0.01149038109251803,uniprot_literature,0.75
1,2,I→II,115,121,56038,67493,0.9504132231404959,0.8302786955684294,1.144691810368348,1.09888266823393,1.192410599058994,3.917951509095019,1.7238546084564366,8.90466281339402,0.00013196120366978912,uniprot_variants,0.75
2,3,II→III,83,108,24844,48610,0.7685185185185185,0.511088253445793,1.5036904357263399,1.3553387808900699,1.6682802546312325,3.1759426823377876,2.030137205557605,4.96843853404702,5.98408334401207e-08,uniprot_variants,0.75
3,4,III→Approved,45,68,6159,20582,0.6617647058823529,0.2992420561655816,2.211469585398699,1.863494228284158,2.6244233295246584,4.581736165526589,2.769904671634324,7.578710742456064,8.344765947544819e-10,uniprot_variants,0.75
1,4,I→Approved,45,99,6159,55803,0.45454545454545453,0.11037041019300038,4.1183633706770575,3.314772540522953,5.1167664283410135,6.71699951290794,4.518367385947532,9.985483384269765,6.756131446587532e-18,uniprot_variants,0.75
1,2,I→II,165,171,55988,67443,0.9649122807017544,0.8301528698308202,1.16233083781111,1.1293505973883278,1.1962741947903093,5.6264288776166325,2.4909315488551296,12.70878034742796,9.880715716262524e-08,overall,0.75
2,3,II→III,126,153,24801,48565,0.8235294117647058,0.510676413054669,1.6126247281300325,1.4978016528808884,1.7362502630268288,4.4715401260701855,2.9496997193198045,6.778544598318133,1.470921936499281e-15,overall,0.75
3,4,III→Approved,84,112,6120,20538,0.75,0.2979842243645925,2.516911764705882,2.2570683683663653,2.806669447899777,7.067647058823529,4.603350529538022,10.851147360509577,1.0389491668825557e-22,overall,0.75
1,4,I→Approved,84,145,6120,55757,0.5793103448275863,0.10976200297720466,5.277876943881001,4.585136543280735,6.07527927942998,11.16872388299582,8.023247925485594,15.547368638374909,1.6753388702714752e-42,overall,0.75
