phase_from,phase_to,phase_label,x_yes,n_yes,x_no,n_no,rate_yes,rate_no,rr,rr_ci_lower,rr_ci_upper,or,or_ci_lower,or_ci_upper,p_value,experiment,similarity_threshold
1,2,I→II,2719,3364,13818,17570,0.8082639714625446,0.7864541832669323,1.0277317975536915,1.0092235891783043,1.0465794290073143,1.1446352976288652,1.0428642271651998,1.2563380068557801,0.004482022339237616,Minikel et al. GE × Citeline,0.5
2,3,II→III,1073,1997,3845,9451,0.5373059589384076,0.4068352555285155,1.3206966496558883,1.2595248338096168,1.3848394200665188,1.6931073694402694,1.5364879946871641,1.8656914823708755,2.0990961399641453e-26,Minikel et al. GE × Citeline,0.5
3,4,III→Approved,634,818,1838,2700,0.7750611246943765,0.6807407407407408,1.1385555150570275,1.0883935765077237,1.1910293195832489,1.6159696267209158,1.3457499360598155,1.9404480464849654,1.5372366082751015e-07,Minikel et al. GE × Citeline,0.5
1,4,I→Approved,634,2387,1838,12058,0.26560536237955595,0.15242992204345662,1.742475222836064,1.6103186442236768,1.8854777053527385,2.011003055852644,1.8132373807017905,2.230338583182882,2.1087001837031947e-37,Minikel et al. GE × Citeline,0.5
1,2,I→II,1733,2118,14804,18816,0.8182247403210576,0.7867772108843537,1.0399700563280885,1.0179439744549086,1.0624727344529863,1.2198872189685483,1.0864881409178733,1.369665043693565,0.0006618766092704386,Minikel et al. GE × Citeline,0.6
2,3,II→III,758,1298,4160,10150,0.5839753466872111,0.4098522167487685,1.424843694441152,1.353307619364556,1.5001611788323335,2.021198361823362,1.7975872902469976,2.272625557602885,2.2261152831692862e-32,Minikel et al. GE × Citeline,0.6
3,4,III→Approved,470,589,2002,2929,0.797962648556876,0.6835097302833731,1.1674488499615834,1.113263916832498,1.2242710795428497,1.8288014506501902,1.4740035444569417,2.2690004772901955,1.5658869233082665e-08,Minikel et al. GE × Citeline,0.6
1,4,I→Approved,470,1514,2002,12931,0.3104359313077939,0.1548217461913232,2.0051183954750664,1.8413713753534857,2.183426892416363,2.4576142248556043,2.1822360788289874,2.7677425631481967,1.5985459135992247e-45,Minikel et al. GE × Citeline,0.6
1,2,I→II,1022,1201,15515,19733,0.8509575353871773,0.7862463892971165,1.0823039024038137,1.0558333289824586,1.109438113956322,1.5522178032792198,1.3195258218087198,1.8259438875658724,3.351260956643723e-08,Minikel et al. GE × Citeline,0.7
2,3,II→III,492,777,4426,10671,0.6332046332046332,0.4147690000937119,1.5266440670869048,1.4405205319421246,1.6179166182584361,2.435798035531667,2.0946324796787175,2.832531304398551,4.2522246508878386e-32,Minikel et al. GE × Citeline,0.7
3,4,III→Approved,331,397,2141,3121,0.8337531486146096,0.6859980775392502,1.215387004589536,1.1561952932169126,1.2776090506433115,2.2955854670006937,1.7439842406042885,3.0216515227676846,2.3378437498118106e-10,Minikel et al. GE × Citeline,0.7
1,4,I→Approved,331,861,2141,13584,0.38443670150987225,0.15761189634864547,2.4391350552592734,2.222447144006777,2.676949971043504,3.337915627506103,2.8877839508364924,3.8582113226033052,8.872263017330665e-54,Minikel et al. GE × Citeline,0.7
1,2,I→II,783,924,15754,20010,0.8474025974025974,0.7873063468265867,1.076331469723624,1.0463051413824254,1.107219478236309,1.500214737763324,1.2499878866981413,1.8005328558402143,6.457196896998669e-06,Minikel et al. GE × Citeline,0.8
2,3,II→III,395,595,4523,10853,0.6638655462184874,0.41675112872016956,1.5929544048439626,1.4981577341319083,1.693749381724557,2.7640393544107895,2.3218624121984974,3.2904247523855745,4.820077479934322e-32,Minikel et al. GE × Citeline,0.8
3,4,III→Approved,276,319,2196,3199,0.8652037617554859,0.6864645201625508,1.2603765181492712,1.1998184065741186,1.3239911629943375,2.9316304485957554,2.1078299977081723,4.0773957560516925,1.416953449028118e-12,Minikel et al. GE × Citeline,0.8
1,4,I→Approved,276,660,2196,13785,0.41818181818181815,0.15930359085963003,2.6250620963735716,2.380440384994092,2.8948219217152595,3.7930754781420766,3.2281945303380186,4.456801301059221,4.609702678604585e-53,Minikel et al. GE × Citeline,0.8
1,2,I→II,674,784,15863,20150,0.8596938775510204,0.7872456575682382,1.0920274621857822,1.0606275604888868,1.1243569586464797,1.6559048213968468,1.3498517071309504,2.0313496386602097,4.059639808860529e-07,Minikel et al. GE × Citeline,0.9
2,3,II→III,340,503,4578,10945,0.6759443339960238,0.41827318410232983,1.616035547310284,1.5152186472618088,1.7235604213886146,2.90101767053419,2.3977115756791987,3.5099732637223684,5.788418269767664e-30,Minikel et al. GE × Citeline,0.9
3,4,III→Approved,238,277,2234,3241,0.8592057761732852,0.6892934279543351,1.2465022025862207,1.1821826030174947,1.31432127074645,2.750797695291876,1.9449377549151292,3.890555335922969,4.4239325154465956e-10,Minikel et al. GE × Citeline,0.9
1,4,I→Approved,238,550,2234,13895,0.43272727272727274,0.16077725800647716,2.6914706600472043,2.4281639112991047,2.983330029816346,3.981759176365264,3.3436924855631025,4.741586197601238,7.23045544822898e-49,Minikel et al. GE × Citeline,0.9
1,2,I→II,662,770,15875,20164,0.8597402597402597,0.7872941876611783,1.0920190612537068,1.0603628275888592,1.1246203649490853,1.6560618256051327,1.347517557116246,2.0352542018790296,5.167529641613465e-07,Minikel et al. GE × Citeline,1.0
2,3,II→III,337,498,4581,10950,0.6767068273092369,0.41835616438356166,1.6175376029330155,1.5163506228493222,1.7254768504568199,2.9101473680785204,2.4027873812453717,3.5246388299013187,8.538238621273403e-30,Minikel et al. GE × Citeline,1.0
3,4,III→Approved,237,275,2235,3243,0.8618181818181818,0.6891766882516188,1.250503965832825,1.1863460646311312,1.3181315428814953,2.8128576474743907,1.981255216574893,3.993512839114878,2.4284700995782083e-10,Minikel et al. GE × Citeline,1.0
1,4,I→Approved,237,544,2235,13901,0.43566176470588236,0.16077980001438746,2.709679727595736,2.4447053618097954,3.00337387925873,4.029530201342282,3.3812214385092108,4.802144414028249,2.7215822425368636e-49,Minikel et al. GE × Citeline,1.0
1,2,I→II,7422,8681,48731,58933,0.8549706255039742,0.8268881611321331,1.0339616234599271,1.024268855387027,1.04374611525597,1.2341706538964479,1.1583111708079223,1.3149982848536022,3.920239914541597e-11,Open Targets GE × Open Targets CT,0.5
2,3,II→III,3686,6663,21241,42055,0.5532042623442893,0.5050766852930686,1.0952876631462307,1.0697826287233119,1.1214007713623186,1.2132689618889272,1.151858102031974,1.2779539174888521,2.938006681576663e-13,Open Targets GE × Open Targets CT,0.5
3,4,III→Approved,1243,3231,4961,17419,0.3847106159083875,0.2848039497100867,1.350791013607781,1.2854887864407984,1.4194105632733713,1.5701236242287429,1.4521087030818034,1.6977297843674741,5.940067217662928e-29,Open Targets GE × Open Targets CT,0.5
1,4,I→Approved,1243,7467,4961,48435,0.16646578277755458,0.10242593166098896,1.6252308383049499,1.5348871996593878,1.7208921140026232,1.7500961872787693,1.635692480968155,1.8725015248066759,1.1505286894099443e-54,Open Targets GE × Open Targets CT,0.5
1,2,I→II,3993,4651,52160,62963,0.8585250483766932,0.8284230421040929,1.0363365149720425,1.023774134926696,1.0490530436591838,1.2568406248251813,1.1543938756325816,1.3683790165166467,7.862850335151145e-08,Open Targets GE × Open Targets CT,0.6
2,3,II→III,2109,3606,22818,45112,0.5848585690515807,0.5058077673346338,1.1562862550203745,1.1232672480219963,1.1902758723744618,1.3764650872434676,1.284997259990766,1.4744437170346822,5.46146313059285e-20,Open Targets GE × Open Targets CT,0.6
3,4,III→Approved,815,1872,5389,18778,0.43536324786324787,0.28698476941101286,1.5170256204075097,1.433977395836644,1.6048835495276923,1.915678298394378,1.7391375328911889,2.110139809839172,2.544336579898165e-38,Open Targets GE × Open Targets CT,0.6
1,4,I→Approved,815,4027,5389,51875,0.20238390861683636,0.10388433734939759,1.9481657560768948,1.8231551480860124,2.0817481261181197,2.1887495329145876,2.016668743119986,2.375513843895976,2.814149800155505e-69,Open Targets GE × Open Targets CT,0.6
1,2,I→II,2053,2312,54100,65302,0.8879757785467128,0.8284585464457443,1.0718409295870137,1.0559965452822755,1.0879230462168414,1.6412981822593653,1.4400181054064676,1.8707123979719078,4.556299161975751e-15,Open Targets GE × Open Targets CT,0.7
2,3,II→III,1222,1889,23705,46829,0.6469031233456856,0.5062034209570992,1.2779509117551195,1.2346177598950265,1.3228049894524447,1.7871803182989816,1.6234616408902163,1.9674092751362022,1.5759912827539877e-33,Open Targets GE × Open Targets CT,0.7
3,4,III→Approved,551,1100,5653,19550,0.5009090909090909,0.289156010230179,1.732314298120065,1.6266277465616896,1.844867600355669,2.4672964078908404,2.1835571104875773,2.787905814394626,2.3389322621342826e-46,Open Targets GE × Open Targets CT,0.7
1,4,I→Approved,551,2026,5653,53876,0.271964461994077,0.10492612666122207,2.5919613221993436,2.4037327519953497,2.7949294655158763,3.1866533144243196,2.8786118786411423,3.527658390378452,3.658687381211037e-93,Open Targets GE × Open Targets CT,0.7
1,2,I→II,1140,1269,55013,66345,0.8983451536643026,0.8291958700731027,1.0833931837903432,1.063186456561908,1.1039839563786156,1.820356203332912,1.5156520745480149,2.1863175346497625,6.495161631278933e-12,Open Targets GE × Open Targets CT,0.8
2,3,II→III,747,1069,24180,47649,0.6987839101964453,0.5074608071523012,1.3770204523139131,1.322577905500915,1.4337040700620578,2.251661066843395,1.9734392862155767,2.569107443716156,3.954454535032817e-36,Open Targets GE × Open Targets CT,0.8
3,4,III→Approved,378,675,5826,19975,0.56,0.2916645807259074,1.9200137315482322,1.7897165050774562,2.0597970230901024,3.090940298973255,2.6471054769813733,3.609192007985898,5.965740582395926e-46,Open Targets GE × Open Targets CT,0.8
1,4,I→Approved,378,1126,5826,54776,0.33570159857904086,0.10636044983204324,3.156263433533392,2.897110176735742,3.4385985530879846,4.245925970800267,3.7409003462825474,4.819130605131215,7.501631969031756e-92,Open Targets GE × Open Targets CT,0.8
1,2,I→II,758,842,55395,66772,0.9002375296912114,0.8296142095489127,1.0851279056330276,1.0607237119353774,1.1100935694508713,1.853305911226301,1.4779890388562777,2.323929819698988,1.1053099387773716e-08,Open Targets GE × Open Targets CT,0.9
2,3,II→III,522,717,24405,48001,0.7280334728033473,0.5084269077727548,1.4319334041398677,1.3681118829465346,1.4987321573989427,2.5881859013758213,2.193483373121309,3.053912485576933,1.280908013432411e-32,Open Targets GE × Open Targets CT,0.9
3,4,III→Approved,273,471,5931,20179,0.5796178343949044,0.2939194211804351,1.9720297218436649,1.8207245605813824,2.135908587179723,3.3122525201432635,2.751602208746047,3.9871376474127347,8.49106606092177e-37,Open Targets GE × Open Targets CT,0.9
1,4,I→Approved,273,750,5931,55152,0.364,0.10753916449086162,3.3848133535660088,3.070039744630744,3.731860950176977,4.749706530764165,4.083356769285019,5.524795750907137,4.948999304936007e-75,Open Targets GE × Open Targets CT,0.9
1,2,I→II,699,778,55454,66836,0.8984575835475579,0.8297025555090071,1.0828670799939515,1.0573237348380118,1.1090275138051982,1.8160833953834699,1.4378786223757747,2.293767253829867,8.432569952771982e-08,Open Targets GE × Open Targets CT,1.0
2,3,II→III,477,662,24450,48056,0.7205438066465257,0.5087814216747129,1.416214853668934,1.3495092814987706,1.4862176490739072,2.489374233128834,2.098731691105464,2.952728116142201,3.5806312522522537e-28,Open Targets GE × Open Targets CT,1.0
3,4,III→Approved,252,430,5952,20220,0.586046511627907,0.29436201780415433,1.9909039759939984,1.8336986129557098,2.1615867589274598,3.393756795940558,2.7945477287937055,4.1214487307985275,3.195616598707483e-35,Open Targets GE × Open Targets CT,1.0
1,4,I→Approved,252,694,5952,55208,0.3631123919308357,0.10781046225184755,3.3680626568745935,3.043247934630843,3.7275458011636498,4.718179827762371,4.032527207601334,5.5204143062299105,4.70442895959217e-69,Open Targets GE × Open Targets CT,1.0
1,2,I→II,204860,220665,1747360,1916013,0.9283755919606643,0.9119771108024841,1.017981242033312,1.0167201429447088,1.019243905338895,1.2510490840418118,1.2300414456532376,1.272415507796704,5.207313546795268e-156,Combined GE × Combined CT,0.5
2,3,II→III,131953,189594,1065711,1612174,0.6959766659282467,0.6610396892643102,1.0528515567693353,1.049515373851117,1.0561983446931984,1.1738404617221312,1.161794985422906,1.1860108253733384,5.407447450761249e-207,Combined GE × Combined CT,0.5
3,4,III→Approved,71470,119904,560158,968543,0.5960601814785161,0.5783511934937323,1.0306197829000863,1.0255204153386068,1.0357445069041464,1.0758028337294447,1.0627365907068258,1.0890297249392242,8.159002007196918e-32,Combined GE × Combined CT,0.5
1,4,I→Approved,71470,193350,560158,1683659,0.369640548228601,0.3327027622576781,1.1110233823135938,1.1041547848796647,1.1179347071181374,1.1761271001832407,1.1646868229148852,1.1876797509595658,2.0056261123078262e-229,Combined GE × Combined CT,0.5
1,2,I→II,96482,103031,1855738,2033647,0.9364366064582504,0.9125172657791643,1.026212480109801,1.024523923500865,1.0279038196927175,1.4123832704524188,1.3768282351708565,1.4488564743926275,3.707127833915044e-170,Combined GE × Combined CT,0.6
2,3,II→III,63807,89683,1133857,1712085,0.7114726313794142,0.6622667682971348,1.074299157737902,1.0696865019390103,1.0789317040313269,1.257511646444901,1.2390520824621456,1.2762462234858292,3.2452457311448905e-208,Combined GE × Combined CT,0.6
3,4,III→Approved,35573,58195,596055,1030252,0.6112724460864335,0.578552625959474,1.0565546134592283,1.0495147208556297,1.0636417279710912,1.1454865056254881,1.1260428064747667,1.1652659446206364,5.8007859660862214e-55,Combined GE × Combined CT,0.6
1,4,I→Approved,35573,90620,596055,1786389,0.39255131317589936,0.33366472811912745,1.1764842972426734,1.166689746693279,1.186361074640068,1.2905336715194482,1.2729852990549582,1.3083239520219816,1.437017468851745e-286,Combined GE × Combined CT,0.6
1,2,I→II,39074,41441,1913146,2095237,0.9428826524456456,0.9130928863894633,1.0326251211680955,1.0301433951840862,1.035112825896315,1.5711946118829931,1.506924676404183,1.6382056429660685,2.0877304680435698e-113,Combined GE × Combined CT,0.7
2,3,II→III,27194,36614,1170470,1765154,0.7427213634129022,0.6630979506603957,1.1200779050413405,1.1132444334068816,1.1269533228407005,1.4667231863252277,1.4324579484277746,1.5018080688966888,7.536519588380758e-234,Combined GE × Combined CT,0.7
3,4,III→Approved,16144,24990,615484,1063457,0.6460184073629451,0.5787577682971667,1.1162155270307197,1.1058609334368705,1.1266670745952283,1.3283095207435778,1.2939453001925574,1.363586376205752,2.7045799173225176e-102,Combined GE × Combined CT,0.7
1,4,I→Approved,16144,36777,615484,1840232,0.43897000842918127,0.33446000286920347,1.312473852369272,1.297165276976135,1.3279630928516823,1.5569646134146622,1.5248824326059054,1.5897217749979609,0.0,Combined GE × Combined CT,0.7
1,2,I→II,17541,18544,1934679,2118134,0.9459124245038827,0.9133883880812074,1.035608112438346,1.0320243222059797,1.0392043476801498,1.6583418116218245,1.5558263347081513,1.767612170344854,6.520688251991559e-63,Combined GE × Combined CT,0.8
2,3,II→III,12979,16603,1184685,1785165,0.7817261940613143,0.6636277318903294,1.17795890149826,1.168449894999435,1.1875452936042743,1.8153012256003336,1.7494424228713648,1.8836393222118495,1.0259684750813332e-242,Combined GE × Combined CT,0.8
3,4,III→Approved,8576,12221,623052,1076226,0.7017429015628835,0.5789230143111205,1.2121523660583964,1.1980884626518158,1.2263813602618552,1.7113070138819373,1.6459463560668453,1.7792631485023793,4.666434156162501e-171,Combined GE × Combined CT,0.8
1,4,I→Approved,8576,16848,623052,1860161,0.5090218423551757,0.3349452009799152,1.519716780135921,1.4971398583484732,1.5426341626989966,2.058533403255561,1.9969799321516704,2.121984154218872,0.0,Combined GE × Combined CT,0.8
1,2,I→II,9832,10393,1942388,2126285,0.9460213605311267,0.9135125347730901,1.035586622537272,1.0308225572198901,1.0403727055318859,1.6592723137787315,1.5237388298250911,1.8068612267291644,4.55286370718241e-36,Combined GE × Combined CT,0.9
2,3,II→III,7413,9323,1190251,1792445,0.7951303228574493,0.6640376692171865,1.1974174955990131,1.185080902937108,1.2098825111543499,1.9636247704029306,1.8671312809189122,2.065105050911209,4.702431876737974e-171,Combined GE × Combined CT,0.9
3,4,III→Approved,5246,7099,626382,1081348,0.7389773207494014,0.5792603306243689,1.2757257517580702,1.2580928657926396,1.2936057726337478,2.0563287165302437,1.9499799319049727,2.1684775936622227,1.0075006772269126e-171,Combined GE × Combined CT,0.9
1,4,I→Approved,5246,9570,626382,1867439,0.548171368861024,0.3354230044461961,1.6342688533426277,1.6046318058584306,1.664453287822629,2.403781897892911,2.3086693327784418,2.502812910709792,0.0,Combined GE × Combined CT,0.9
1,2,I→II,8622,9099,1943598,2127579,0.9475766567754699,0.913525655216563,1.0372742695998336,1.0322551171860435,1.0423178267276654,1.7110242748194668,1.5601449703076942,1.876494892935556,4.92323674569616e-35,Combined GE × Combined CT,1.0
2,3,II→III,6527,8191,1191137,1793577,0.7968502014406056,0.6641125527367936,1.19987221767877,1.1867650144782247,1.21312418313102,1.9838661869031275,1.8797401700390963,2.0937601431668593,1.2688911517690106e-154,Combined GE × Combined CT,1.0
3,4,III→Approved,4628,6264,627000,1082183,0.7388250319284803,0.5793844479168495,1.2751896164712258,1.2564420103695395,1.2942169591080193,2.053659998518189,1.940837620674021,2.1730408276242366,2.5153912453213863e-151,Combined GE × Combined CT,1.0
1,4,I→Approved,4628,8405,627000,1868604,0.5506246281975015,0.33554460977285716,1.6409878512733078,1.6094299083379335,1.673164587085062,2.426397376211849,2.3240756734601633,2.5332239799758227,0.0,Combined GE × Combined CT,1.0
